asset_id,title,asset_type,sport,home_school,away_school,scheduled_start_ts,duration_seconds
500846,Hillcrest vs Millbrook Baseball,LIVE,BASEBALL,Hillcrest,Millbrook,2025-11-11T08:59:44Z,9545
500068,Northgate vs Westlake Volleyball,VOD,VB,Northgate,Westlake,2025-11-04T01:55:51Z,5906
500741,Northgate vs Stonewall Wrestling,LIVE,WRESTLING,Northgate,Stonewall,2025-10-23T13:11:13Z,7257
500487,Northgate vs Riverside Volleyball,VOD,VOLLEYBALL,Northgate,Riverside,2026-01-21T08:39:35Z,6494
500848,Westlake vs Jefferson Baseball,VOD,BASEBALL,Westlake,Jefferson,2026-01-30T16:28:51Z,7108
500285,Oakwood vs Clearwater Hockey,LIVE,HOCKEY,Oakwood,Clearwater,2025-09-01T18:36:42Z,6235
500083,Northgate vs Pinecrest Basketball,LIVE,BASKETBALL,Northgate,Pinecrest,2025-12-22T01:38:29Z,7562
500803,Greenwood vs Dunmore Baseball,VOD,BASEBALL,Greenwood,Dunmore,2025-11-27T05:19:42Z,8058
500771,Greenwood vs Stonewall Basketball,VOD,BASKETBALL,Greenwood,Stonewall,2026-02-16T10:13:08Z,-1
500767,Dunmore vs Elmhurst Lacrosse,LIVE,LACROSSE,Dunmore,Elmhurst,2026-02-25T20:29:15Z,6278
500097,Dunmore vs Stonewall Basketball,LIVE,BASKETBALL,Dunmore,Stonewall,2026-02-04T13:17:10Z,6659
500388,Westlake vs Dunmore Hockey,LIVE,HOCKEY,Westlake,Dunmore,2026-01-05T05:32:01Z,8521
500700,Lakeview vs Summit Soccer,LIVE,SOCCER,Lakeview,Summit,2026-01-19T12:52:29Z,8679
500437,Millbrook vs Lakeview Hockey,VOD,HOCKEY,Millbrook,Lakeview,2025-12-01T12:29:02Z,6690
500595,Fairfield vs Lincoln Track,VOD,TRACK,Fairfield,Lincoln,2025-11-29T17:16:56Z,7066
500178,Jefferson vs Ashford Softball,LIVE,SOFTBALL,Jefferson,Ashford,2026-02-24T10:06:06Z,7691
500614,Dunmore vs Riverside Basketball,LIVE,BASKETBALL,Dunmore,Riverside,2025-11-01T10:40:55Z,5403
500668,Kingsport vs Westlake Softball,LIVE,SOFTBALL,Kingsport,Westlake,2025-09-03T11:49:50Z,5974
500048,Elmhurst vs Lincoln Softball,VOD,SOFTBALL,Elmhurst,Lincoln,2025-11-12T08:14:01Z,8689
500642,Millbrook vs Bayshore Wrestling,VOD,WRESTLING,Millbrook,Bayshore,2026-02-07T07:36:01Z,6320
500425,Brookfield vs Greenwood Lacrosse,VOD,LACROSSE,Brookfield,Greenwood,2025-10-02T13:29:51Z,8549
500343,Northgate vs Millbrook Volleyball,LIVE,VOLLEYBALL,Northgate,Millbrook,2025-12-31T01:29:32Z,9053
500569,Eastside vs Ashford Track,VOD,TRACK,Eastside,Ashford,2025-09-07T05:02:22Z,7990
500656,Oakwood vs Lakeview Soccer,VOD,SOCCER,Oakwood,Lakeview,2025-10-12T08:16:48Z,8211
500374,Elmhurst vs Hillcrest Wrestling,LIVE,Wrestling,Elmhurst,Hillcrest,2025-10-13T03:29:15Z,7473
500401,Elmhurst vs Greenwood Baseball,LIVE,BASEBALL,Elmhurst,Greenwood,2025-09-22T06:51:08Z,6461
500519,Hillcrest vs Clearwater Track,VOD,TRACK,Hillcrest,Clearwater,2025-09-23T14:04:52Z,9546
500504,Lakeview vs Lincoln Track,VOD,TRACK,Lakeview,Lincoln,2026-02-04T14:36:12Z,7231
500660,Millbrook vs Lakeview Softball,LIVE,SOFTBALL,Millbrook,Lakeview,2025-12-14T10:14:51Z,9071
500140,Brookfield vs Ashford Football,LIVE,football,Brookfield,Ashford,2025-10-19T16:08:15Z,8342
500542,Hillcrest vs Ridgeview Volleyball,VOD,VOLLEYBALL,Hillcrest,Ridgeview,2026-01-04T14:54:13Z,7364
500338,Pinecrest vs Lakeview Basketball,VOD,BASKETBALL,Pinecrest,Lakeview,2025-11-28T04:30:38Z,8190
500648,Dunmore vs Clearwater Softball,LIVE,SOFTBALL,Dunmore,Clearwater,2026-01-03T04:00:54Z,8951
500523,Dunmore vs Summit Basketball,LIVE,Basketball,Dunmore,Summit,2026-02-25T15:13:22Z,8629
500527,Summit vs Clearwater Volleyball,VOD,VOLLEYBALL,Summit,Clearwater,2025-11-17T06:53:19Z,8523
500126,Riverside vs Ashford Track,VOD,TRACK,Riverside,Ashford,2025-09-23T19:08:47Z,7180
500380,Hillcrest vs Riverside Baseball,VOD,BASEBALL,Hillcrest,Riverside,2026-02-16T23:20:33Z,7307
500442,Ridgeview vs Jefferson Soccer,LIVE,SOCCER,Ridgeview,Jefferson,2025-10-24T07:58:35Z,7945
500617,Riverside vs Ashford Baseball,LIVE,BASEBALL,Riverside,Ashford,2025-09-19T17:57:41Z,7429
500215,Greenwood vs Bayshore Track,VOD,TRACK,Greenwood,Bayshore,2025-12-13T19:46:28Z,5446
500093,Eastside vs Kingsport Softball,LIVE,SOFTBALL,Eastside,Kingsport,2025-11-01T01:06:10Z,8497
500267,Lakeview vs Central Baseball,VOD,BASEBALL,Lakeview,Central,2025-11-16T02:55:52Z,6352
500165,Eastside vs Brookfield Wrestling,VOD,WRESTLING,Eastside,Brookfield,2026-01-25T00:16:15Z,8717
500134,Brookfield vs Jefferson Hockey,LIVE,HOCKEY,Brookfield,Jefferson,2025-12-20T23:57:07Z,9250
500105,Summit vs Kingsport Softball,VOD,SOFTBALL,Summit,Kingsport,2025-10-29T15:18:58Z,5429
500251,Millbrook vs Ashford Basketball,VOD,BASKETBALL,Millbrook,Ashford,2025-12-09T17:49:32Z,7863
500061,Riverside vs Kingsport Soccer,LIVE,SOCCER,Riverside,Kingsport,2025-11-17T09:20:14Z,8641
500620,Greenwood vs Ashford Football,VOD,FOOTBALL,Greenwood,Ashford,2025-11-12T22:11:55Z,9220
500847,Millbrook vs Greenwood Lacrosse,VOD,LACROSSE,Millbrook,Greenwood,2025-11-13T00:11:36Z,8385
500661,Dunmore vs Stonewall Football,VOD,FOOTBALL,Dunmore,Stonewall,2025-11-01T17:17:01Z,7197
500786,Northgate vs Oakwood Baseball,VOD,BASEBALL,Northgate,Oakwood,2025-09-17T23:43:12Z,8721
500774,Lincoln vs Ashford Football,LIVE,FOOTBALL,Lincoln,Ashford,2025-10-22T12:00:38Z,5525
500118,Summit vs Dunmore Baseball (Replay),VOD,BASEBALL,Summit,Dunmore,2025-11-27T10:13:57Z,9263
500681,Ashford vs Central Basketball,VOD,Basketball,Ashford,Central,2025-09-07T15:49:29Z,6554
500407,Lincoln vs Riverside Softball,LIVE,SOFTBALL,Lincoln,Riverside,2025-11-25T09:16:40Z,6416
500746,Clearwater vs Northgate Football,VOD,FOOTBALL,Clearwater,Northgate,2025-12-02T17:41:03Z,9119
500793,Ashford vs Brookfield Hockey,LIVE,HOCKEY,Ashford,Brookfield,2025-10-21T00:55:40Z,5685
500841,Lincoln vs Summit Volleyball,VOD,VOLLEYBALL,Lincoln,Summit,2026-02-09T22:52:01Z,5680
500826,Pinecrest vs Dunmore Track,VOD,TRACK,Pinecrest,Dunmore,2025-11-15T15:46:21Z,7860
500753,Ashford vs Elmhurst Football,VOD,FOOTBALL,Ashford,Elmhurst,2026-01-17T03:20:10Z,9473
500065,Kingsport vs Hillcrest Baseball,LIVE,BASEBALL,Kingsport,Hillcrest,2026-02-08T04:07:32Z,7485
500526,Millbrook vs Lincoln Soccer,LIVE,SOCCER,Millbrook,Lincoln,2026-02-21T13:30:55Z,8290
500592,Summit vs Bayshore Hockey,LIVE,HOCKEY,Summit,Bayshore,2025-09-30T17:23:44Z,8781
500361,Hillcrest vs Clearwater Baseball,LIVE,BASEBALL,Hillcrest,Clearwater,2026-02-24T19:23:23Z,8307
500615,Millbrook vs Riverside Soccer,VOD,SOCCER,Millbrook,Riverside,2025-10-01T08:24:12Z,8527
500791,Lakeview vs Hillcrest Lacrosse,LIVE,LACROSSE,Lakeview,Hillcrest,2025-09-07T17:18:10Z,6994
500613,Fairfield vs Stonewall Volleyball,VOD,VB,Fairfield,Stonewall,2026-01-11T09:20:12Z,9459
500116,Riverside vs Elmhurst Football,LIVE,FOOTBALL,Riverside,Elmhurst,2025-11-06T07:39:57Z,9352
500023,Oakwood vs Northgate Wrestling,VOD,WRESTLING,Oakwood,Northgate,2025-10-26T21:55:32Z,9544
500820,Fairfield vs Lakeview Lacrosse,VOD,Lacrosse,Fairfield,Lakeview,2026-01-04T00:52:50Z,7611
500580,Fairfield vs Jefferson Basketball,VOD,BASKETBALL,Fairfield,Jefferson,2025-09-28T15:13:42Z,8681
500739,Hillcrest vs Stonewall Wrestling,LIVE,WRESTLING,Hillcrest,Stonewall,2026-01-06T01:43:20Z,6903
500146,Elmhurst vs Eastside Softball,VOD,SOFTBALL,Elmhurst,Eastside,2025-12-09T05:43:18Z,6832
500190,Stonewall vs Oakwood Soccer (Replay),VOD,SOCCER,Stonewall,Oakwood,2025-12-17T02:50:31Z,6013
500702,Lincoln vs Greenwood Basketball,LIVE,BASKETBALL,Lincoln,Greenwood,2026-01-23T10:34:09Z,5846
500415,Ridgeview vs Elmhurst Soccer,VOD,SOCCER,Ridgeview,Elmhurst,2026-02-18T20:32:58Z,8284
500507,Eastside vs Clearwater Football,VOD,Football,Eastside,Clearwater,2025-10-20T17:02:41Z,8152
500409,Elmhurst vs Northgate Lacrosse,VOD,LACROSSE,Elmhurst,Northgate,2025-11-17T05:58:23Z,7277
500565,Pinecrest vs Eastside Football,LIVE,FOOTBALL,Pinecrest,Eastside,2026-02-12T14:44:01Z,6554
500801,Riverside vs Fairfield Lacrosse,VOD,LACROSSE,Riverside,Fairfield,2025-10-05T09:53:56Z,7503
500020,Riverside vs Millbrook Wrestling,LIVE,WRESTLING,Riverside,Millbrook,2026-02-05T09:24:46Z,8108
500434,Stonewall vs Eastside Track,LIVE,TRACK,Stonewall,Eastside,2026-01-05T17:51:24Z,6103
500842,Oakwood vs Bayshore Softball,LIVE,SOFTBALL,Oakwood,Bayshore,2026-01-27T17:52:16Z,6356
500554,Bayshore vs Lincoln Football,LIVE,FOOTBALL,Bayshore,Lincoln,2026-01-17T01:05:08Z,5862
500064,Brookfield vs Summit Volleyball,LIVE,VOLLEYBALL,Brookfield,Summit,2025-11-07T16:54:04Z,8917
500258,Westlake vs Eastside Hockey,LIVE,HOCKEY,Westlake,Eastside,2026-02-07T09:49:02Z,6695
500460,Elmhurst vs Fairfield Baseball,LIVE,BASEBALL,Elmhurst,Fairfield,2026-02-03T10:22:59Z,8459
500804,Ridgeview vs Elmhurst Hockey,LIVE,HOCKEY,Ridgeview,Elmhurst,2025-12-25T18:58:29Z,6695
500606,Brookfield vs Lincoln Lacrosse,LIVE,LACROSSE,Brookfield,Lincoln,2025-12-05T01:16:51Z,5542
500837,Elmhurst vs Greenwood Lacrosse,LIVE,Lacrosse,Elmhurst,Greenwood,2025-12-17T06:12:13Z,5714
500056,Brookfield vs Greenwood Wrestling,LIVE,WRESTLING,Brookfield,Greenwood,2025-11-08T10:00:13Z,9304
500169,Lincoln vs Fairfield Wrestling,LIVE,WRESTLING,Lincoln,Fairfield,2026-01-08T13:40:48Z,9243
500772,Bayshore vs Hillcrest Basketball,LIVE,BASKETBALL,Bayshore,Hillcrest,2025-12-22T04:13:49Z,5843
500689,Dunmore vs Eastside Volleyball,VOD,VOLLEYBALL,Dunmore,Eastside,2025-12-19T08:01:47Z,7792
500217,Summit vs Lincoln Softball,VOD,SOFTBALL,Summit,Lincoln,2026-01-20T08:59:39Z,7584
500459,Westlake vs Ridgeview Lacrosse,VOD,LACROSSE,Westlake,Ridgeview,2025-09-25T00:47:16Z,5945
500230,Hillcrest vs Ridgeview Softball,VOD,SOFTBALL,Hillcrest,Ridgeview,2025-12-25T01:15:33Z,5931
500824,Millbrook vs Pinecrest Volleyball,LIVE,VOLLEYBALL,Millbrook,Pinecrest,2026-01-13T20:32:09Z,7429
500790,Fairfield vs Kingsport Football,VOD,FOOTBALL,Fairfield,Kingsport,2025-10-26T01:29:28Z,7364
500334,Elmhurst vs Stonewall Lacrosse,VOD,LACROSSE,Elmhurst,Stonewall,2025-11-13T18:08:52Z,7228
500531,Bayshore vs Pinecrest Baseball,VOD,Baseball,Bayshore,Pinecrest,2025-10-24T00:11:32Z,6009
500009,Greenwood vs Millbrook Wrestling,VOD,WRESTLING,Greenwood,Millbrook,2026-01-05T04:21:07Z,6959
500644,Elmhurst vs Northgate Hockey,LIVE,HOCKEY,Elmhurst,Northgate,2026-01-11T07:41:03Z,8044
500850,Kingsport vs Brookfield Football,VOD,FOOTBALL,Kingsport,Brookfield,2026-02-07T04:09:40Z,6507
500478,Clearwater vs Pinecrest Track,LIVE,TRACK,Clearwater,Pinecrest,2025-11-03T22:56:54Z,8241
500079,Central vs Ashford Soccer,LIVE,SOCCER,Central,Ashford,2025-11-09T15:09:47Z,7903
500112,Elmhurst vs Northgate Track,LIVE,TRACK,Elmhurst,Northgate,2025-11-12T06:32:13Z,8173
500359,Lincoln vs Greenwood Track,LIVE,TRACK,Lincoln,Greenwood,2025-10-27T19:44:02Z,6960
500701,Brookfield vs Jefferson Soccer,LIVE,SOCCER,Brookfield,Jefferson,2026-02-03T21:02:01Z,8097
500408,Oakwood vs Pinecrest Lacrosse,VOD,LACROSSE,Oakwood,Pinecrest,2025-11-18T19:41:13Z,7941
500821,Northgate vs Fairfield Football,LIVE,FOOTBALL,Northgate,Fairfield,2025-10-09T12:14:34Z,6847
500074,Fairfield vs Central Volleyball,LIVE,VOLLEYBALL,Fairfield,Central,2025-09-12T22:54:08Z,7360
500300,Greenwood vs Fairfield Softball,LIVE,SOFTBALL,Greenwood,Fairfield,2025-12-03T08:38:53Z,7398
500092,Clearwater vs Westlake Hockey,VOD,HOCKEY,Clearwater,Westlake,2025-12-08T22:10:54Z,9191
500455,Bayshore vs Brookfield Wrestling,VOD,WRESTLING,Bayshore,Brookfield,2026-02-09T20:49:26Z,6591
500495,Eastside vs Dunmore Baseball,VOD,BASEBALL,Eastside,Dunmore,2026-01-11T15:05:36Z,5477
500411,Clearwater vs Oakwood Football,LIVE,FOOTBALL,Clearwater,Oakwood,2025-09-18T03:17:37Z,6512
500287,Greenwood vs Brookfield Baseball,LIVE,BASEBALL,Greenwood,Brookfield,2025-12-11T00:08:39Z,6776
500072,Dunmore vs Eastside Baseball,VOD,BASEBALL,Dunmore,Eastside,2025-09-04T01:28:53Z,9129
500035,Jefferson vs Elmhurst Soccer,LIVE,SOCCER,Jefferson,Elmhurst,2026-02-22T05:59:57Z,7999
500315,Summit vs Eastside Lacrosse,LIVE,Lacrosse,Summit,Eastside,2025-11-07T22:50:54Z,9025
500730,Ashford vs Oakwood Track,LIVE,TRACK,Ashford,Oakwood,2025-11-10T07:34:24Z,6569
500729,Eastside vs Clearwater Volleyball,VOD,Volleyball,Eastside,Clearwater,2025-11-07T03:07:47Z,8371
500071,Elmhurst vs Brookfield Soccer,LIVE,SOCCER,Elmhurst,Brookfield,2025-12-26T13:26:50Z,7694
500740,Jefferson vs Summit Wrestling,LIVE,WRESTLING,Jefferson,Summit,2025-10-24T17:23:10Z,7782
500708,Elmhurst vs Pinecrest Baseball,LIVE,BASEBALL,Elmhurst,Pinecrest,2025-11-24T16:00:16Z,9587
500836,Clearwater vs Ridgeview Volleyball,LIVE,VOLLEYBALL,Clearwater,Ridgeview,2025-12-13T02:14:05Z,-600
500224,Brookfield vs Pinecrest Track,VOD,Track,Brookfield,Pinecrest,2025-11-25T13:34:12Z,6889
500789,Northgate vs Eastside Track,VOD,TRACK,Northgate,Eastside,2025-10-29T00:44:48Z,5825
500123,Lakeview vs Bayshore Lacrosse,VOD,LACROSSE,Lakeview,Bayshore,2025-09-10T01:27:08Z,9345
500086,Brookfield vs Clearwater Track,VOD,TRACK,Brookfield,Clearwater,2025-09-26T12:53:22Z,6788
500216,Clearwater vs Pinecrest Wrestling,LIVE,WRESTLING,Clearwater,Pinecrest,2025-11-15T15:27:03Z,6598
500240,Greenwood vs Ridgeview Softball,VOD,SOFTBALL,Greenwood,Ridgeview,2025-11-08T02:46:53Z,9027
500817,Greenwood vs Westlake Hockey,VOD,HOCKEY,Greenwood,Westlake,2026-01-27T01:27:07Z,6970
500799,Greenwood vs Riverside Wrestling,LIVE,WRESTLING,Greenwood,Riverside,2025-10-15T18:28:20Z,7666
500815,Northgate vs Hillcrest Hockey,VOD,HOCKEY,Northgate,Hillcrest,2025-10-14T12:54:33Z,7201
500312,Millbrook vs Northgate Baseball,VOD,BASEBALL,Millbrook,Northgate,2026-01-18T17:55:17Z,5975
500200,Greenwood vs Ridgeview Hockey,LIVE,HOCKEY,Greenwood,Ridgeview,2026-02-14T09:53:16Z,9163
500719,Elmhurst vs Kingsport Track,VOD,TRACK,Elmhurst,Kingsport,2025-11-03T16:10:14Z,6403
500530,Millbrook vs Central Softball,VOD,SOFTBALL,Millbrook,Central,2025-09-08T01:23:52Z,6532
500419,Ashford vs Fairfield Hockey,VOD,HOCKEY,Ashford,Fairfield,2026-02-19T21:07:37Z,5676
500034,Pinecrest vs Lincoln Softball,VOD,SOFTBALL,Pinecrest,Lincoln,2025-10-15T02:26:16Z,7893
500641,Pinecrest vs Oakwood Lacrosse,LIVE,LACROSSE,Pinecrest,Oakwood,2026-02-21T17:19:03Z,6656
500223,Clearwater vs Bayshore Lacrosse,LIVE,LACROSSE,Clearwater,Bayshore,2025-11-15T06:15:20Z,8127
500326,Westlake vs Lincoln Hockey,VOD,HOCKEY,Westlake,Lincoln,2026-02-18T20:52:24Z,8382
500139,Greenwood vs Kingsport Hockey,LIVE,HOCKEY,Greenwood,Kingsport,2025-11-15T17:27:18Z,6042
500210,Bayshore vs Westlake Lacrosse,VOD,LACROSSE,Bayshore,Westlake,2025-11-23T20:20:20Z,9422
500618,Greenwood vs Fairfield Soccer,VOD,Soccer,Greenwood,Fairfield,2025-11-21T06:06:22Z,0
500294,Summit vs Kingsport Baseball,LIVE,BASEBALL,Summit,Kingsport,2025-12-05T03:23:52Z,7739
500344,Ashford vs Clearwater Hockey,LIVE,HOCKEY,Ashford,Clearwater,2025-12-17T21:24:30Z,5593
500278,Bayshore vs Dunmore Basketball,VOD,BASKETBALL,Bayshore,Dunmore,2025-10-15T03:43:30Z,6468
500763,Summit vs Oakwood Volleyball,LIVE,VOLLEYBALL,Summit,Oakwood,2026-01-27T15:18:05Z,6937
500167,Elmhurst vs Millbrook Softball,VOD,SOFTBALL,Elmhurst,Millbrook,2025-09-11T13:42:44Z,7828
500307,Brookfield vs Millbrook Football,VOD,FOOTBALL,Brookfield,Millbrook,2025-09-17T18:39:51Z,5708
500227,Ridgeview vs Westlake Basketball,VOD,BASKETBALL,Ridgeview,Westlake,2026-01-07T02:20:37Z,7754
500072,Dunmore vs Eastside Baseball (Replay),VOD,BASEBALL,Dunmore,Eastside,2025-09-04T01:28:53Z,9129
500406,Eastside vs Greenwood Soccer,LIVE,SOCCER,Eastside,Greenwood,2026-02-26T23:59:39Z,5706
500376,Hillcrest vs Bayshore Hockey,VOD,HOCKEY,Hillcrest,Bayshore,2026-01-29T23:28:36Z,7572
500603,Hillcrest vs Clearwater Wrestling,VOD,WRESTLING,Hillcrest,Clearwater,2025-11-14T00:24:46Z,8236
500099,Millbrook vs Lincoln Football,LIVE,FOOTBALL,Millbrook,Lincoln,2025-10-10T21:48:55Z,5441
500552,Dunmore vs Clearwater Track,VOD,TRACK,Dunmore,Clearwater,2025-10-12T05:47:52Z,8510
500094,Elmhurst vs Riverside Hockey,VOD,HOCKEY,Elmhurst,Riverside,2025-12-16T04:16:45Z,6967
500472,Millbrook vs Hillcrest Volleyball,VOD,VOLLEYBALL,Millbrook,Hillcrest,2026-02-20T17:36:59Z,5592
500747,Millbrook vs Lincoln Lacrosse,LIVE,LACROSSE,Millbrook,Lincoln,2026-02-04T11:33:20Z,6730
500336,Northgate vs Stonewall Basketball,LIVE,BASKETBALL,Northgate,Stonewall,2025-09-17T21:37:53Z,7104
500181,Lakeview vs Northgate Baseball,LIVE,BASEBALL,Lakeview,Northgate,2025-12-11T09:16:42Z,9170
500522,Northgate vs Oakwood Hockey,VOD,Hockey,Northgate,Oakwood,2025-11-22T16:50:18Z,6040
500051,Millbrook vs Greenwood Soccer,VOD,SOCCER,Millbrook,Greenwood,2025-09-05T02:58:09Z,8258
500623,Westlake vs Greenwood Track,LIVE,TRACK,Westlake,Greenwood,2026-01-24T03:23:49Z,7817
500458,Central vs Bayshore Baseball,VOD,BASEBALL,Central,Bayshore,2026-02-18T23:37:27Z,7055
500164,Lakeview vs Ridgeview Baseball,LIVE,Baseball,Lakeview,Ridgeview,2025-12-05T06:22:59Z,6485
500384,Greenwood vs Kingsport Soccer,VOD,SOCCER,Greenwood,Kingsport,2025-11-14T13:42:20Z,7666
500822,Central vs Hillcrest Hockey,LIVE,HOCKEY,Central,Hillcrest,2025-11-26T09:54:46Z,8084
500805,Ashford vs Westlake Football,VOD,FOOTBALL,Ashford,Westlake,2025-09-21T18:19:46Z,7602
500834,Summit vs Greenwood Basketball,LIVE,BBALL,Summit,Greenwood,2025-09-24T09:21:58Z,7694
500265,Northgate vs Ashford Basketball,LIVE,BASKETBALL,Northgate,Ashford,2026-02-11T15:55:14Z,6041
500843,Brookfield vs Fairfield Baseball,LIVE,BASEBALL,Brookfield,Fairfield,2025-09-05T01:26:09Z,8590
500268,Clearwater vs Fairfield Football,LIVE,FOOTBALL,Clearwater,Fairfield,2025-12-13T08:04:23Z,7686
500514,Fairfield vs Elmhurst Track,VOD,TRACK,Fairfield,Elmhurst,2026-01-24T04:15:29Z,8300
500619,Greenwood vs Brookfield Wrestling,VOD,WRESTLING,Greenwood,Brookfield,2025-10-03T01:30:07Z,6280
500290,Elmhurst vs Millbrook Volleyball,VOD,VOLLEYBALL,Elmhurst,Millbrook,2026-01-08T04:08:49Z,6958
500604,Elmhurst vs Central Lacrosse,LIVE,LACROSSE,Elmhurst,Central,2026-01-27T08:32:42Z,6471
500706,Millbrook vs Pinecrest Wrestling,LIVE,WRESTLING,Millbrook,Pinecrest,2025-11-21T13:41:49Z,8240
500205,Stonewall vs Ashford Wrestling,VOD,WRESTLING,Stonewall,Ashford,2026-02-28T20:45:42Z,9387
500536,Westlake vs Riverside Hockey,VOD,HOCKEY,Westlake,Riverside,2025-12-18T07:07:49Z,7429
500055,Brookfield vs Millbrook Softball,VOD,SOFTBALL,Brookfield,Millbrook,2026-02-03T12:08:51Z,9440
500511,Bayshore vs Central Volleyball,LIVE,VOLLEYBALL,Bayshore,Central,2026-02-26T13:41:28Z,7205
500570,Hillcrest vs Fairfield Baseball,LIVE,BASEBALL,Hillcrest,Fairfield,2025-10-05T01:59:47Z,6736
500498,Northgate vs Oakwood Track,VOD,TRACK,Northgate,Oakwood,2026-01-17T09:58:42Z,5448
500261,Lincoln vs Ridgeview Soccer,LIVE,SOCCER,Lincoln,Ridgeview,2026-01-13T01:32:12Z,7047
500235,Millbrook vs Bayshore Track,VOD,TRACK,Millbrook,Bayshore,2025-10-08T07:30:56Z,6214
500545,Westlake vs Ridgeview Soccer,VOD,SOCCER,Westlake,Ridgeview,2025-09-19T17:25:13Z,7370
500650,Eastside vs Hillcrest Softball,VOD,SOFTBALL,Eastside,Hillcrest,2025-12-01T04:08:01Z,9394
500697,Lakeview vs Westlake Hockey,LIVE,HOCKEY,Lakeview,Westlake,2025-12-09T16:02:26Z,7044
500750,Clearwater vs Ashford Baseball,LIVE,Baseball,Clearwater,Ashford,2025-09-28T08:36:01Z,9228
500098,Brookfield vs Lakeview Basketball,LIVE,BASKETBALL,Brookfield,Lakeview,2026-01-18T17:20:45Z,8986
500012,Clearwater vs Lincoln Softball,LIVE,SOFTBALL,Clearwater,Lincoln,2026-01-27T17:02:29Z,9313
500365,Hillcrest vs Pinecrest Football,LIVE,FOOTBALL,Hillcrest,Pinecrest,2025-12-31T06:39:13Z,8019
500808,Pinecrest vs Hillcrest Football,LIVE,FOOTBALL,Pinecrest,Hillcrest,2026-01-09T02:36:24Z,7669
500372,Stonewall vs Summit Hockey,VOD,HOCKEY,Stonewall,Summit,2025-09-17T13:12:37Z,6688
500153,Lincoln vs Elmhurst Hockey,LIVE,HOCKEY,Lincoln,Elmhurst,2025-09-06T05:00:27Z,5737
500491,Summit vs Clearwater Wrestling,LIVE,WRESTLING,Summit,Clearwater,2025-10-13T09:50:48Z,7500
500672,Kingsport vs Jefferson Volleyball,VOD,VOLLEYBALL,Kingsport,Jefferson,2026-01-01T20:58:08Z,8369
500273,Greenwood vs Summit Soccer,VOD,SOCCER,Greenwood,Summit,2025-11-14T10:24:59Z,5680
500096,Eastside vs Jefferson Baseball,VOD,BASEBALL,Eastside,Jefferson,2025-12-25T13:37:31Z,8533
500548,Westlake vs Pinecrest Baseball,VOD,BASEBALL,Westlake,Pinecrest,2025-10-26T21:47:00Z,9154
500599,Summit vs Bayshore Softball,LIVE,SOFTBALL,Summit,Bayshore,2025-10-24T01:11:35Z,8002
500348,Lakeview vs Lincoln Baseball,LIVE,BASEBALL,Lakeview,Lincoln,2025-12-27T10:43:57Z,7571
500347,Summit vs Kingsport Lacrosse (Replay),VOD,LACROSSE,Summit,Kingsport,2026-01-01T18:32:20Z,6896
500168,Dunmore vs Lincoln Track,VOD,TRACK,Dunmore,Lincoln,2025-10-11T20:11:52Z,6354
500639,Clearwater vs Dunmore Soccer,LIVE,SOCCER,Clearwater,Dunmore,2025-12-09T05:24:46Z,6357
500677,Lincoln vs Dunmore Softball,VOD,SOFTBALL,Lincoln,Dunmore,2025-11-15T07:11:38Z,5884
500221,Dunmore vs Central Track,VOD,Track,Dunmore,Central,2025-11-13T15:50:32Z,9544
500045,Jefferson vs Kingsport Soccer,VOD,SOCCER,Jefferson,Kingsport,2026-02-27T22:02:37Z,8633
500736,Hillcrest vs Millbrook Wrestling,VOD,WRESTLING,Hillcrest,Millbrook,2026-02-10T22:38:13Z,9517
500136,Eastside vs Lakeview Basketball,LIVE,BASKETBALL,Eastside,Lakeview,2026-01-31T12:00:55Z,6058
500040,Jefferson vs Westlake Volleyball,VOD,VOLLEYBALL,Jefferson,Westlake,2025-11-11T20:14:48Z,5699
500197,Fairfield vs Ashford Football,LIVE,FOOTBALL,Fairfield,Ashford,2025-10-23T00:27:37Z,7257
500293,Central vs Brookfield Volleyball,VOD,VB,Central,Brookfield,2026-01-24T15:26:53Z,8641
500010,Lakeview vs Hillcrest Soccer,VOD,SOCCER,Lakeview,Hillcrest,2025-12-18T06:59:22Z,8720
500647,Lincoln vs Kingsport Volleyball,LIVE,VOLLEYBALL,Lincoln,Kingsport,2026-01-03T20:27:33Z,8030
500078,Brookfield vs Central Baseball,VOD,Baseball,Brookfield,Central,2025-11-06T22:11:23Z,6947
500743,Central vs Hillcrest Softball,LIVE,SOFTBALL,Central,Hillcrest,2025-09-23T22:37:25Z,7928
500626,Greenwood vs Brookfield Lacrosse,VOD,LACROSSE,Greenwood,Brookfield,2025-11-19T11:14:43Z,8031
500130,Riverside vs Lakeview Softball,VOD,SOFTBALL,Riverside,Lakeview,2025-12-14T08:11:11Z,9360
500474,Millbrook vs Stonewall Hockey,LIVE,HOCKEY,Millbrook,Stonewall,2025-10-05T07:28:19Z,5687
500052,Greenwood vs Kingsport Baseball,LIVE,BASEBALL,Greenwood,Kingsport,2026-02-26T10:39:53Z,9112
500400,Eastside vs Bayshore Hockey,VOD,HOCKEY,Eastside,Bayshore,2026-02-09T01:04:02Z,7856
500844,Eastside vs Pinecrest Soccer,LIVE,Soccer,Eastside,Pinecrest,2025-10-09T14:19:30Z,5592
500500,Northgate vs Ridgeview Volleyball,LIVE,VOLLEYBALL,Northgate,Ridgeview,2026-01-15T11:23:14Z,8599
500127,Oakwood vs Lakeview Football,LIVE,FOOTBALL,Oakwood,Lakeview,2025-12-14T10:16:12Z,8827
500243,Bayshore vs Fairfield Track,LIVE,TRACK,Bayshore,Fairfield,2025-09-09T03:02:06Z,7337
500412,Riverside vs Kingsport Softball,LIVE,SOFTBALL,Riverside,Kingsport,2025-10-12T02:20:05Z,5742
500368,Jefferson vs Lakeview Basketball,LIVE,BASKETBALL,Jefferson,Lakeview,2025-09-11T12:04:36Z,8290
500659,Lakeview vs Fairfield Hockey,LIVE,HOCKEY,Lakeview,Fairfield,2025-09-26T22:54:00Z,9386
500355,Hillcrest vs Brookfield Basketball,VOD,BASKETBALL,Hillcrest,Brookfield,2025-12-17T09:14:08Z,7957
500720,Stonewall vs Kingsport Basketball,VOD,BASKETBALL,Stonewall,Kingsport,2026-02-21T17:30:42Z,9150
500581,Eastside vs Summit Basketball,LIVE,BASKETBALL,Eastside,Summit,2025-09-17T15:34:52Z,5728
500636,Central vs Pinecrest Wrestling,VOD,Wrestling,Central,Pinecrest,2025-10-25T02:03:19Z,7407
500003,Jefferson vs Lincoln Football,LIVE,FOOTBALL,Jefferson,Lincoln,2025-11-30T12:52:46Z,8581
500833,Oakwood vs Summit Basketball,LIVE,BASKETBALL,Oakwood,Summit,2025-10-01T07:00:00Z,8502
500469,Ridgeview vs Ashford Track,LIVE,TRACK,Ridgeview,Ashford,2026-01-29T19:29:35Z,6326
500370,Ridgeview vs Greenwood Track,LIVE,TRACK,Ridgeview,Greenwood,2025-12-15T16:53:05Z,8846
500631,Jefferson vs Dunmore Lacrosse,LIVE,LACROSSE,Jefferson,Dunmore,2025-10-21T01:45:24Z,6389
500758,Elmhurst vs Riverside Basketball,VOD,BASKETBALL,Elmhurst,Riverside,2026-02-22T08:04:45Z,9364
500032,Stonewall vs Dunmore Wrestling,VOD,WRESTLING,Stonewall,Dunmore,2025-10-28T21:49:12Z,6917
500187,Riverside vs Jefferson Soccer,VOD,SOCCER,Riverside,Jefferson,2025-10-30T14:38:02Z,5664
500166,Summit vs Lakeview Soccer,VOD,SOCCER,Summit,Lakeview,2025-10-22T11:59:43Z,8939
500497,Eastside vs Northgate Lacrosse,VOD,LACROSSE,Eastside,Northgate,2026-01-19T20:43:12Z,6331
500435,Clearwater vs Pinecrest Basketball,VOD,BASKETBALL,Clearwater,Pinecrest,2025-12-12T16:52:36Z,5450
500468,Elmhurst vs Summit Softball,LIVE,SOFTBALL,Elmhurst,Summit,2025-09-01T14:17:11Z,7579
500058,Summit vs Greenwood Wrestling,LIVE,WRESTLING,Summit,Greenwood,2025-11-18T04:21:34Z,6306
500775,Bayshore vs Westlake Track,LIVE,TRACK,Bayshore,Westlake,2026-01-04T12:06:32Z,8153
500013,Elmhurst vs Kingsport Softball,VOD,SOFTBALL,Elmhurst,Kingsport,2025-12-27T01:19:56Z,6695
500779,Fairfield vs Eastside Wrestling,VOD,WRESTLING,Fairfield,Eastside,2025-12-10T21:57:26Z,9529
500601,Lincoln vs Ashford Volleyball,LIVE,VOLLEYBALL,Lincoln,Ashford,2026-02-15T16:51:36Z,7078
500249,Ashford vs Clearwater Football,VOD,FOOTBALL,Ashford,Clearwater,2025-09-09T19:39:30Z,6055
500277,Lincoln vs Ridgeview Football,VOD,FOOTBALL,Lincoln,Ridgeview,2025-09-24T21:32:46Z,8880
500576,Dunmore vs Kingsport Football,VOD,FOOTBALL,Dunmore,Kingsport,2026-02-12T23:17:44Z,6250
500053,Brookfield vs Oakwood Basketball,LIVE,Basketball,Brookfield,Oakwood,2025-12-09T04:57:45Z,6766
500525,Stonewall vs Westlake Softball,LIVE,SOFTBALL,Stonewall,Westlake,2025-12-21T23:25:47Z,7860
500364,Brookfield vs Oakwood Volleyball,LIVE,VOLLEYBALL,Brookfield,Oakwood,2025-10-05T01:13:40Z,7035
500158,Greenwood vs Lincoln Lacrosse,VOD,LACROSSE,Greenwood,Lincoln,2026-02-05T11:06:12Z,7747
500556,Northgate vs Ashford Football,LIVE,FOOTBALL,Northgate,Ashford,2026-02-07T11:24:58Z,7997
500076,Hillcrest vs Oakwood Softball,VOD,SOFTBALL,Hillcrest,Oakwood,2026-02-28T21:22:41Z,6176
500025,Lincoln vs Millbrook Volleyball,LIVE,VOLLEYBALL,Lincoln,Millbrook,2025-11-19T14:42:59Z,6800
500119,Riverside vs Kingsport Volleyball,VOD,VOLLEYBALL,Riverside,Kingsport,2025-09-17T16:53:59Z,8420
500588,Elmhurst vs Stonewall Football,VOD,football,Elmhurst,Stonewall,2026-02-08T15:43:50Z,6361
500819,Bayshore vs Summit Lacrosse,LIVE,LACROSSE,Bayshore,Summit,2025-12-01T23:23:04Z,5559
500828,Ashford vs Pinecrest Hockey,LIVE,HOCKEY,Ashford,Pinecrest,2026-01-23T16:11:20Z,9304
500539,Greenwood vs Bayshore Hockey,LIVE,HOCKEY,Greenwood,Bayshore,2026-02-09T10:23:38Z,8028
500589,Greenwood vs Pinecrest Football,VOD,FOOTBALL,Greenwood,Pinecrest,2025-10-31T13:01:28Z,8109
500528,Riverside vs Greenwood Wrestling,LIVE,WRESTLING,Riverside,Greenwood,2025-10-13T14:01:20Z,8401
500662,Westlake vs Dunmore Hockey,LIVE,HOCKEY,Westlake,Dunmore,2025-10-27T23:28:26Z,7677
500324,Ashford vs Riverside Wrestling,VOD,WRESTLING,Ashford,Riverside,2026-02-02T08:18:19Z,6111
500353,Clearwater vs Summit Soccer,VOD,Soccer,Clearwater,Summit,2025-10-28T02:26:19Z,9468
500239,Elmhurst vs Summit Volleyball,LIVE,VOLLEYBALL,Elmhurst,Summit,2026-01-08T00:31:56Z,7475
500386,Lakeview vs Kingsport Track,LIVE,TRACK,Lakeview,Kingsport,2025-11-09T00:14:15Z,5430
500054,Westlake vs Lakeview Lacrosse,LIVE,LACROSSE,Westlake,Lakeview,2025-09-12T00:43:46Z,9090
500102,Riverside vs Fairfield Wrestling,LIVE,WRESTLING,Riverside,Fairfield,2025-09-12T03:05:15Z,9297
500276,Lakeview vs Jefferson Baseball,VOD,BASEBALL,Lakeview,Jefferson,2025-10-15T21:36:38Z,8669
500831,Hillcrest vs Kingsport Track,VOD,TRACK,Hillcrest,Kingsport,2025-12-23T05:45:03Z,8998
500780,Fairfield vs Brookfield Hockey,LIVE,HOCKEY,Fairfield,Brookfield,2026-02-25T11:34:08Z,6094
500385,Millbrook vs Stonewall Track,LIVE,TRACK,Millbrook,Stonewall,2025-11-18T16:31:01Z,9002
500339,Elmhurst vs Central Basketball,VOD,BASKETBALL,Elmhurst,Central,2025-09-09T23:31:21Z,6273
500297,Riverside vs Ridgeview Volleyball,VOD,VOLLEYBALL,Riverside,Ridgeview,2025-09-17T00:54:19Z,7428
500596,Greenwood vs Fairfield Track,LIVE,TRACK,Greenwood,Fairfield,2025-10-16T16:09:33Z,8765
500428,Central vs Westlake Wrestling,LIVE,WRESTLING,Central,Westlake,2025-12-26T02:52:26Z,8387
500284,Central vs Bayshore Basketball,VOD,BASKETBALL,Central,Bayshore,2025-11-10T02:48:17Z,5799
500655,Clearwater vs Greenwood Soccer,LIVE,SOCCER,Clearwater,Greenwood,2026-02-19T04:14:23Z,6873
500201,Lincoln vs Central Track,VOD,TRACK,Lincoln,Central,2025-10-30T09:02:18Z,9270
500279,Clearwater vs Kingsport Wrestling,VOD,WRESTLING,Clearwater,Kingsport,2025-09-12T12:00:42Z,7041
500835,Summit vs Pinecrest Softball,LIVE,SOFTBALL,Summit,Pinecrest,2025-10-23T04:10:51Z,8740
500540,Lincoln vs Westlake Softball,LIVE,Softball,Lincoln,Westlake,2026-02-08T21:34:49Z,5725
500084,Lakeview vs Fairfield Wrestling,VOD,WRESTLING,Lakeview,Fairfield,2025-12-27T07:28:42Z,6133
500629,Jefferson vs Summit Soccer,VOD,SOCCER,Jefferson,Summit,2026-01-15T09:40:16Z,5729
500108,Dunmore vs Ashford Basketball,LIVE,BASKETBALL,Dunmore,Ashford,2026-01-24T17:40:23Z,7772
500087,Ridgeview vs Lakeview Hockey,VOD,Hockey,Ridgeview,Lakeview,2026-02-03T01:45:26Z,-600
500721,Lakeview vs Riverside Basketball,VOD,BASKETBALL,Lakeview,Riverside,2025-09-05T13:47:57Z,6360
500666,Hillcrest vs Northgate Baseball,LIVE,BASEBALL,Hillcrest,Northgate,2025-09-19T17:44:51Z,8678
500517,Bayshore vs Lincoln Volleyball,LIVE,VOLLEYBALL,Bayshore,Lincoln,2026-01-09T17:15:09Z,6748
500308,Westlake vs Dunmore Volleyball,LIVE,VOLLEYBALL,Westlake,Dunmore,2026-01-26T15:47:00Z,9410
500755,Pinecrest vs Jefferson Track,VOD,TRACK,Pinecrest,Jefferson,2025-09-30T06:46:14Z,7881
500378,Summit vs Ashford Lacrosse,LIVE,LACROSSE,Summit,Ashford,2025-10-19T15:38:33Z,8857
500104,Jefferson vs Hillcrest Lacrosse,LIVE,LACROSSE,Jefferson,Hillcrest,2025-10-27T00:44:56Z,6858
500547,Central vs Hillcrest Track,VOD,TRACK,Central,Hillcrest,2026-01-25T20:12:05Z,-1
500622,Brookfield vs Riverside Basketball,VOD,BASKETBALL,Brookfield,Riverside,2026-02-10T11:57:11Z,7490
500607,Brookfield vs Millbrook Hockey,VOD,HOCKEY,Brookfield,Millbrook,2026-01-30T19:05:30Z,6495
500163,Millbrook vs Riverside Volleyball,VOD,VOLLEYBALL,Millbrook,Riverside,2025-09-19T20:40:08Z,6872
500392,Northgate vs Clearwater Softball,VOD,SOFTBALL,Northgate,Clearwater,2025-12-19T00:56:51Z,8631
500266,Oakwood vs Lakeview Track,LIVE,TRACK,Oakwood,Lakeview,2026-02-15T23:05:18Z,8558
500397,Lincoln vs Hillcrest Track,LIVE,Track,Lincoln,Hillcrest,2025-12-06T13:21:35Z,8522
500220,Stonewall vs Central Wrestling,LIVE,WRESTLING,Stonewall,Central,2025-09-27T16:43:00Z,9305
500785,Lakeview vs Dunmore Lacrosse (Replay),VOD,LACROSSE,Lakeview,Dunmore,2025-09-28T23:37:20Z,9585
500713,Oakwood vs Dunmore Baseball,VOD,BASEBALL,Oakwood,Dunmore,2025-11-01T22:23:10Z,6036
500611,Brookfield vs Elmhurst Football,VOD,FOOTBALL,Brookfield,Elmhurst,2025-09-24T12:30:22Z,7948
500464,Pinecrest vs Millbrook Softball,VOD,SOFTBALL,Pinecrest,Millbrook,2025-12-03T06:03:02Z,6961
500492,Westlake vs Eastside Hockey,VOD,HOCKEY,Westlake,Eastside,2025-10-26T09:26:21Z,9328
500676,Oakwood vs Fairfield Volleyball,LIVE,VOLLEYBALL,Oakwood,Fairfield,2025-12-26T23:48:45Z,9055
500147,Oakwood vs Clearwater Soccer,LIVE,SOCCER,Oakwood,Clearwater,2026-01-16T05:35:29Z,9033
500577,Bayshore vs Clearwater Football,VOD,FOOTBALL,Bayshore,Clearwater,2026-01-05T09:28:04Z,6906
500585,Clearwater vs Hillcrest Wrestling,LIVE,WRESTLING,Clearwater,Hillcrest,2025-11-24T19:06:18Z,7773
500182,Jefferson vs Ashford Baseball,VOD,BASEBALL,Jefferson,Ashford,2026-01-07T23:37:21Z,5764
500254,Clearwater vs Central Lacrosse,VOD,LACROSSE,Clearwater,Central,2026-01-14T03:04:05Z,7953
500063,Kingsport vs Dunmore Basketball,VOD,BBALL,Kingsport,Dunmore,2025-12-06T18:34:49Z,9007
500043,Elmhurst vs Lakeview Lacrosse,LIVE,LACROSSE,Elmhurst,Lakeview,2026-01-24T08:54:15Z,5895
500482,Elmhurst vs Ashford Baseball,LIVE,BASEBALL,Elmhurst,Ashford,2026-01-28T00:03:17Z,6867
500031,Brookfield vs Jefferson Hockey,VOD,HOCKEY,Brookfield,Jefferson,2025-11-13T17:03:57Z,5514
500704,Summit vs Lincoln Lacrosse,VOD,LACROSSE,Summit,Lincoln,2025-09-19T21:16:56Z,9278
500537,Hillcrest vs Summit Soccer,VOD,SOCCER,Hillcrest,Summit,2025-11-08T20:57:48Z,6002
500416,Ashford vs Kingsport Baseball,VOD,BASEBALL,Ashford,Kingsport,2026-01-04T10:19:28Z,7121
500387,Pinecrest vs Clearwater Track (Replay),VOD,TRACK,Pinecrest,Clearwater,2025-09-15T00:48:35Z,8383
500152,Elmhurst vs Pinecrest Track,VOD,TRACK,Elmhurst,Pinecrest,2025-09-16T02:02:16Z,6910
500745,Clearwater vs Lincoln Football,LIVE,FOOTBALL,Clearwater,Lincoln,2025-09-18T07:13:56Z,7241
500710,Hillcrest vs Ridgeview Softball,LIVE,Softball,Hillcrest,Ridgeview,2025-09-02T20:40:44Z,5912
500237,Northgate vs Eastside Lacrosse,VOD,LACROSSE,Northgate,Eastside,2026-02-01T23:06:55Z,7106
500226,Dunmore vs Fairfield Softball,VOD,SOFTBALL,Dunmore,Fairfield,2025-12-01T17:27:43Z,9434
500692,Elmhurst vs Ridgeview Wrestling,VOD,WRESTLING,Elmhurst,Ridgeview,2026-01-17T20:30:10Z,9579
500021,Northgate vs Ashford Football,VOD,FOOTBALL,Northgate,Ashford,2025-12-10T22:56:52Z,5775
500171,Northgate vs Bayshore Baseball,LIVE,BASEBALL,Northgate,Bayshore,2025-11-01T16:42:41Z,6636
500422,Lincoln vs Elmhurst Lacrosse,LIVE,Lacrosse,Lincoln,Elmhurst,2025-11-24T16:04:57Z,8760
500658,Stonewall vs Clearwater Softball,VOD,SOFTBALL,Stonewall,Clearwater,2026-01-05T18:41:35Z,6528
500177,Eastside vs Hillcrest Football,VOD,FOOTBALL,Eastside,Hillcrest,2025-11-28T18:39:52Z,7344
500538,Elmhurst vs Ashford Football,LIVE,FOOTBALL,Elmhurst,Ashford,2025-12-12T20:25:29Z,7422
500694,Brookfield vs Northgate Soccer,VOD,SOCCER,Brookfield,Northgate,2025-12-12T13:04:02Z,7136
500725,Summit vs Bayshore Football,LIVE,FOOTBALL,Summit,Bayshore,2026-02-27T03:24:07Z,5725
500259,Brookfield vs Greenwood Soccer,VOD,SOCCER,Brookfield,Greenwood,2026-01-03T14:09:55Z,8808
500653,Summit vs Hillcrest Softball,LIVE,SOFTBALL,Summit,Hillcrest,2026-02-26T17:00:10Z,5525
500029,Westlake vs Summit Softball,VOD,SOFTBALL,Westlake,Summit,2026-02-13T06:17:08Z,7179
500067,Westlake vs Stonewall Track,VOD,TRACK,Westlake,Stonewall,2025-10-20T17:40:36Z,7218
500584,Ridgeview vs Oakwood Track,VOD,TRACK,Ridgeview,Oakwood,2026-01-12T18:38:50Z,6985
500557,Millbrook vs Dunmore Basketball,LIVE,BASKETBALL,Millbrook,Dunmore,2025-12-03T11:06:11Z,9218
500447,Fairfield vs Central Baseball,VOD,BASEBALL,Fairfield,Central,2025-12-31T08:31:52Z,6163
500203,Central vs Westlake Softball,VOD,SOFTBALL,Central,Westlake,2026-01-07T17:49:40Z,9599
500462,Ridgeview vs Clearwater Basketball,VOD,BASKETBALL,Ridgeview,Clearwater,2025-11-05T04:26:51Z,9517
500794,Lakeview vs Elmhurst Football,LIVE,FOOTBALL,Lakeview,Elmhurst,2025-11-06T18:02:49Z,9210
500559,Summit vs Pinecrest Wrestling,VOD,WRESTLING,Summit,Pinecrest,2025-11-22T14:05:58Z,6025
500212,Fairfield vs Elmhurst Lacrosse,LIVE,Lacrosse,Fairfield,Elmhurst,2025-12-22T22:13:43Z,6438
500418,Eastside vs Oakwood Wrestling,VOD,WRESTLING,Eastside,Oakwood,2025-11-16T03:31:20Z,6779
500624,Bayshore vs Pinecrest Soccer,VOD,SOCCER,Bayshore,Pinecrest,2025-09-24T01:29:50Z,7027
500578,Kingsport vs Ridgeview Basketball,VOD,BASKETBALL,Kingsport,Ridgeview,2025-11-23T15:12:56Z,8409
500439,Oakwood vs Fairfield Track,VOD,TRACK,Oakwood,Fairfield,2025-12-29T03:58:25Z,8869
500270,Jefferson vs Central Wrestling,VOD,WRESTLING,Jefferson,Central,2025-12-02T17:00:21Z,9035
500723,Eastside vs Ashford Wrestling,LIVE,WRESTLING,Eastside,Ashford,2025-11-19T17:49:38Z,6657
500081,Riverside vs Oakwood Volleyball,LIVE,VOLLEYBALL,Riverside,Oakwood,2025-11-10T10:55:19Z,5594
500222,Westlake vs Ridgeview Baseball,VOD,BASEBALL,Westlake,Ridgeview,2025-09-23T03:40:29Z,6635
500014,Elmhurst vs Greenwood Wrestling,LIVE,WRESTLING,Elmhurst,Greenwood,2026-02-08T17:23:20Z,7131
500473,Kingsport vs Central Softball,VOD,SOFTBALL,Kingsport,Central,2025-12-21T00:02:43Z,6711
500634,Summit vs Central Wrestling,LIVE,WRESTLING,Summit,Central,2025-11-03T19:34:08Z,7936
500015,Jefferson vs Clearwater Football,LIVE,FOOTBALL,Jefferson,Clearwater,2025-11-16T07:28:32Z,9373
500194,Central vs Westlake Hockey,LIVE,Hockey,Central,Westlake,2026-02-27T23:18:03Z,8488
500518,Stonewall vs Central Softball,LIVE,SOFTBALL,Stonewall,Central,2026-01-24T01:48:28Z,7968
500373,Clearwater vs Central Soccer,VOD,SOCCER,Clearwater,Central,2025-10-30T17:20:23Z,8279
500377,Brookfield vs Northgate Wrestling,LIVE,WRESTLING,Brookfield,Northgate,2025-12-07T08:18:31Z,8307
500572,Summit vs Brookfield Lacrosse,VOD,LACROSSE,Summit,Brookfield,2025-11-16T03:38:33Z,5722
500118,Summit vs Dunmore Baseball,LIVE,BASEBALL,Summit,Dunmore,2025-11-27T10:13:57Z,9263
500560,Millbrook vs Kingsport Basketball,LIVE,BASKETBALL,Millbrook,Kingsport,2026-02-17T09:19:07Z,8659
500550,Ashford vs Clearwater Softball,LIVE,SOFTBALL,Ashford,Clearwater,2025-12-31T09:41:03Z,9100
500456,Fairfield vs Westlake Football,LIVE,FOOTBALL,Fairfield,Westlake,2026-02-27T18:36:58Z,6412
500811,Summit vs Oakwood Basketball,LIVE,BASKETBALL,Summit,Oakwood,2025-09-28T16:37:55Z,8440
500089,Riverside vs Dunmore Track,LIVE,TRACK,Riverside,Dunmore,2026-01-31T12:13:04Z,6363
500524,Kingsport vs Elmhurst Softball,VOD,SOFTBALL,Kingsport,Elmhurst,2026-02-01T00:29:13Z,8575
500080,Dunmore vs Bayshore Lacrosse,LIVE,LACROSSE,Dunmore,Bayshore,2025-10-10T20:14:11Z,8659
500153,Lincoln vs Elmhurst Hockey (Replay),VOD,HOCKEY,Lincoln,Elmhurst,2025-09-06T05:00:27Z,5737
500405,Lakeview vs Lincoln Soccer,LIVE,SOCCER,Lakeview,Lincoln,2025-11-01T05:12:31Z,8887
500245,Elmhurst vs Oakwood Lacrosse,VOD,LACROSSE,Elmhurst,Oakwood,2026-02-08T00:53:24Z,7259
500209,Lincoln vs Bayshore Volleyball,VOD,VOLLEYBALL,Lincoln,Bayshore,2025-11-26T14:39:05Z,5815
500630,Central vs Hillcrest Soccer,VOD,SOCCER,Central,Hillcrest,2026-02-08T10:48:47Z,6875
500638,Ashford vs Elmhurst Soccer,LIVE,SOCCER,Ashford,Elmhurst,2026-02-25T02:11:42Z,6400
500162,Clearwater vs Stonewall Baseball,VOD,BASEBALL,Clearwater,Stonewall,2025-09-23T08:54:50Z,8274
500688,Pinecrest vs Riverside Softball,LIVE,Softball,Pinecrest,Riverside,2025-10-02T06:40:10Z,5478
500189,Riverside vs Bayshore Baseball,LIVE,BASEBALL,Riverside,Bayshore,2025-09-03T15:15:11Z,8737
500703,Oakwood vs Eastside Football,VOD,FOOTBALL,Oakwood,Eastside,2025-09-18T15:01:11Z,8859
500143,Stonewall vs Hillcrest Volleyball,VOD,VOLLEYBALL,Stonewall,Hillcrest,2025-10-03T16:16:52Z,8175
500699,Bayshore vs Lakeview Volleyball,LIVE,VOLLEYBALL,Bayshore,Lakeview,2025-10-04T06:54:52Z,6883
500100,Lakeview vs Oakwood Wrestling,LIVE,WRESTLING,Lakeview,Oakwood,2025-09-12T21:18:10Z,6999
500340,Greenwood vs Ridgeview Hockey,LIVE,HOCKEY,Greenwood,Ridgeview,2026-02-22T05:36:27Z,6607
500107,Northgate vs Millbrook Track,VOD,TRACK,Northgate,Millbrook,2025-11-27T16:50:07Z,9539
500438,Oakwood vs Bayshore Hockey,VOD,HOCKEY,Oakwood,Bayshore,2025-10-16T15:06:04Z,7171
500004,Stonewall vs Bayshore Wrestling,VOD,WRESTLING,Stonewall,Bayshore,2025-10-18T03:03:46Z,5741
500685,Clearwater vs Lincoln Lacrosse,LIVE,LACROSSE,Clearwater,Lincoln,2025-09-03T09:12:18Z,7803
500509,Ashford vs Fairfield Baseball,LIVE,Baseball,Ashford,Fairfield,2025-09-27T09:29:30Z,7231
500695,Stonewall vs Riverside Soccer,VOD,SOCCER,Stonewall,Riverside,2025-10-28T19:43:21Z,7665
500481,Westlake vs Stonewall Football,LIVE,FOOTBALL,Westlake,Stonewall,2025-09-11T03:29:12Z,7306
500782,Northgate vs Clearwater Volleyball,VOD,VOLLEYBALL,Northgate,Clearwater,2025-11-30T20:13:30Z,9325
500783,Fairfield vs Dunmore Hockey,VOD,Hockey,Fairfield,Dunmore,2025-12-17T00:18:56Z,7284
500129,Clearwater vs Ashford Lacrosse,LIVE,LACROSSE,Clearwater,Ashford,2025-12-26T02:08:04Z,8259
500591,Lakeview vs Clearwater Lacrosse,LIVE,LACROSSE,Lakeview,Clearwater,2025-09-16T12:42:54Z,5816
500705,Riverside vs Brookfield Track,LIVE,TRACK,Riverside,Brookfield,2025-12-15T17:36:13Z,7274
500395,Lakeview vs Dunmore Basketball,VOD,BASKETBALL,Lakeview,Dunmore,2025-09-23T16:56:33Z,6443
500433,Northgate vs Elmhurst Lacrosse,VOD,LACROSSE,Northgate,Elmhurst,2026-02-13T14:34:23Z,-1
500017,Hillcrest vs Summit Volleyball,LIVE,VOLLEYBALL,Hillcrest,Summit,2026-02-23T09:59:19Z,9016
500709,Westlake vs Stonewall Wrestling,LIVE,Wrestling,Westlake,Stonewall,2025-11-25T01:58:54Z,6693
500154,Pinecrest vs Northgate Hockey,LIVE,HOCKEY,Pinecrest,Northgate,2025-10-08T10:11:29Z,5622
500190,Stonewall vs Oakwood Soccer,VOD,SOCCER,Stonewall,Oakwood,2025-12-17T02:50:31Z,6013
500047,Lakeview vs Northgate Softball,LIVE,SOFTBALL,Lakeview,Northgate,2025-09-12T15:27:07Z,9350
500738,Bayshore vs Elmhurst Softball,VOD,SOFTBALL,Bayshore,Elmhurst,2025-09-20T05:22:56Z,7149
500663,Brookfield vs Jefferson Hockey,VOD,HOCKEY,Brookfield,Jefferson,2026-02-15T19:47:39Z,7981
500752,Clearwater vs Stonewall Football,LIVE,FOOTBALL,Clearwater,Stonewall,2025-11-14T23:58:45Z,8650
500798,Ashford vs Kingsport Softball,VOD,SOFTBALL,Ashford,Kingsport,2025-09-05T06:29:41Z,7840
500718,Elmhurst vs Pinecrest Basketball,VOD,BASKETBALL,Elmhurst,Pinecrest,2026-01-27T14:34:08Z,8888
500184,Eastside vs Millbrook Softball,LIVE,SOFTBALL,Eastside,Millbrook,2025-10-28T00:51:58Z,7749
500734,Hillcrest vs Brookfield Football,LIVE,FOOTBALL,Hillcrest,Brookfield,2026-02-06T13:18:58Z,8700
500574,Lincoln vs Pinecrest Hockey,VOD,HOCKEY,Lincoln,Pinecrest,2025-09-24T00:04:28Z,7776
500145,Elmhurst vs Ridgeview Volleyball,VOD,VOLLEYBALL,Elmhurst,Ridgeview,2026-01-27T22:29:37Z,8234
500452,Greenwood vs Summit Wrestling,LIVE,WRESTLING,Greenwood,Summit,2025-09-07T21:18:55Z,8616
500675,Ridgeview vs Stonewall Lacrosse,VOD,LACROSSE,Ridgeview,Stonewall,2025-12-16T08:09:25Z,8458
500394,Bayshore vs Millbrook Volleyball,LIVE,VOLLEYBALL,Bayshore,Millbrook,2025-12-11T10:20:29Z,7076
500310,Lincoln vs Millbrook Track,LIVE,TRACK,Lincoln,Millbrook,2025-11-01T21:30:04Z,6113
500744,Kingsport vs Clearwater Wrestling,VOD,Wrestling,Kingsport,Clearwater,2025-09-13T09:13:11Z,8519
500561,Bayshore vs Lakeview Softball,VOD,SOFTBALL,Bayshore,Lakeview,2025-10-04T02:24:58Z,6930
500366,Clearwater vs Summit Volleyball,VOD,VOLLEYBALL,Clearwater,Summit,2025-10-17T14:58:37Z,6174
500579,Jefferson vs Ridgeview Hockey,VOD,HOCKEY,Jefferson,Ridgeview,2025-12-31T16:31:28Z,7472
500018,Jefferson vs Ridgeview Wrestling,VOD,WRESTLING,Jefferson,Ridgeview,2026-02-13T20:22:44Z,8450
500211,Greenwood vs Ridgeview Volleyball,VOD,VOLLEYBALL,Greenwood,Ridgeview,2026-02-14T12:57:26Z,6229
500335,Pinecrest vs Lincoln Hockey,VOD,HOCKEY,Pinecrest,Lincoln,2025-11-14T00:50:40Z,9302
500508,Dunmore vs Bayshore Baseball,VOD,Baseball,Dunmore,Bayshore,2026-01-25T01:08:38Z,6758
500007,Lincoln vs Dunmore Hockey,VOD,HOCKEY,Lincoln,Dunmore,2026-01-31T04:54:20Z,7956
500669,Bayshore vs Greenwood Soccer,LIVE,SOCCER,Bayshore,Greenwood,2026-01-18T07:43:18Z,9568
500451,Ashford vs Hillcrest Football,LIVE,FOOTBALL,Ashford,Hillcrest,2026-01-12T21:26:09Z,6465
500667,Fairfield vs Brookfield Softball,LIVE,SOFTBALL,Fairfield,Brookfield,2026-02-07T16:18:30Z,7626
500292,Jefferson vs Ashford Lacrosse,VOD,LACROSSE,Jefferson,Ashford,2025-11-10T02:56:30Z,6278
500479,Stonewall vs Central Football,LIVE,FOOTBALL,Stonewall,Central,2025-09-08T10:42:21Z,8819
500106,Summit vs Clearwater Wrestling,VOD,WRESTLING,Summit,Clearwater,2025-11-10T16:12:22Z,6631
500664,Brookfield vs Millbrook Baseball,LIVE,BASEBALL,Brookfield,Millbrook,2025-11-26T12:26:47Z,7971
500813,Dunmore vs Pinecrest Basketball,VOD,BASKETBALL,Dunmore,Pinecrest,2025-11-09T02:50:17Z,9494
500137,Ridgeview vs Central Lacrosse,VOD,LACROSSE,Ridgeview,Central,2025-12-07T15:15:22Z,5663
500810,Lincoln vs Oakwood Volleyball,VOD,VOLLEYBALL,Lincoln,Oakwood,2025-09-26T02:26:18Z,6112
500274,Pinecrest vs Lakeview Hockey,VOD,Hockey,Pinecrest,Lakeview,2025-10-12T22:50:02Z,8188
500534,Eastside vs Clearwater Track,VOD,TRACK,Eastside,Clearwater,2025-09-26T04:04:09Z,8457
500115,Kingsport vs Oakwood Softball,VOD,SOFTBALL,Kingsport,Oakwood,2026-02-20T17:56:36Z,6773
500341,Central vs Brookfield Soccer,VOD,SOCCER,Central,Brookfield,2025-09-19T07:31:43Z,6353
500751,Eastside vs Lincoln Soccer,LIVE,SOCCER,Eastside,Lincoln,2025-10-20T13:35:54Z,8307
500030,Fairfield vs Kingsport Football,LIVE,FB,Fairfield,Kingsport,2026-01-09T19:00:27Z,8150
500535,Clearwater vs Lakeview Lacrosse,VOD,LACROSSE,Clearwater,Lakeview,2025-11-24T23:21:09Z,9183
500485,Ashford vs Fairfield Baseball,LIVE,BASEBALL,Ashford,Fairfield,2026-02-20T20:34:41Z,8268
500195,Summit vs Greenwood Lacrosse,LIVE,Lacrosse,Summit,Greenwood,2025-12-21T23:39:07Z,7946
500042,Kingsport vs Greenwood Wrestling,LIVE,WRESTLING,Kingsport,Greenwood,2026-02-16T12:18:35Z,6468
500627,Hillcrest vs Lakeview Basketball,VOD,BASKETBALL,Hillcrest,Lakeview,2025-11-18T06:38:46Z,9083
500625,Eastside vs Lincoln Basketball,VOD,BASKETBALL,Eastside,Lincoln,2026-02-03T20:50:21Z,7200
500670,Millbrook vs Pinecrest Wrestling,LIVE,WRESTLING,Millbrook,Pinecrest,2025-09-12T22:03:29Z,8163
500575,Fairfield vs Stonewall Football,LIVE,football,Fairfield,Stonewall,2025-10-06T05:04:46Z,6076
500770,Lakeview vs Clearwater Baseball,VOD,BASEBALL,Lakeview,Clearwater,2026-01-15T01:13:20Z,8716
500391,Ridgeview vs Bayshore Volleyball,LIVE,VOLLEYBALL,Ridgeview,Bayshore,2025-12-27T01:10:16Z,8850
500109,Northgate vs Lincoln Baseball,LIVE,BASEBALL,Northgate,Lincoln,2025-11-28T12:43:36Z,9482
500213,Brookfield vs Oakwood Softball,LIVE,SOFTBALL,Brookfield,Oakwood,2025-10-25T02:08:24Z,7919
500241,Hillcrest vs Westlake Soccer,LIVE,SOCCER,Hillcrest,Westlake,2025-11-22T09:25:09Z,9225
500683,Elmhurst vs Westlake Lacrosse,LIVE,LACROSSE,Elmhurst,Westlake,2025-10-02T01:09:33Z,5780
500046,Ridgeview vs Central Volleyball,VOD,VOLLEYBALL,Ridgeview,Central,2026-01-24T17:10:48Z,9067
500156,Hillcrest vs Pinecrest Soccer,VOD,SOCCER,Hillcrest,Pinecrest,2025-09-08T08:24:46Z,8547
500528,Riverside vs Greenwood Wrestling (Replay),VOD,WRESTLING,Riverside,Greenwood,2025-10-13T14:01:20Z,8401
500717,Pinecrest vs Lakeview Football,VOD,FB,Pinecrest,Lakeview,2025-12-25T01:55:31Z,8281
500756,Ridgeview vs Jefferson Volleyball,VOD,VOLLEYBALL,Ridgeview,Jefferson,2026-02-13T11:29:52Z,8962
500600,Central vs Hillcrest Football,LIVE,FOOTBALL,Central,Hillcrest,2025-12-20T04:02:34Z,8012
500516,Jefferson vs Dunmore Basketball,LIVE,BASKETBALL,Jefferson,Dunmore,2025-12-06T00:15:38Z,8225
500363,Jefferson vs Oakwood Softball,VOD,SOFTBALL,Jefferson,Oakwood,2025-11-20T10:12:58Z,9316
500283,Ridgeview vs Central Soccer,VOD,SOCCER,Ridgeview,Central,2025-12-12T23:09:53Z,5915
500322,Brookfield vs Fairfield Volleyball,LIVE,VOLLEYBALL,Brookfield,Fairfield,2025-11-11T12:54:35Z,5789
500665,Lincoln vs Riverside Softball,VOD,SOFTBALL,Lincoln,Riverside,2025-12-17T17:46:58Z,7963
500289,Westlake vs Dunmore Wrestling,LIVE,Wrestling,Westlake,Dunmore,2025-09-25T09:07:12Z,8281
500148,Jefferson vs Clearwater Lacrosse,VOD,LACROSSE,Jefferson,Clearwater,2025-11-28T23:28:54Z,8325
500313,Brookfield vs Northgate Football,LIVE,FOOTBALL,Brookfield,Northgate,2025-12-01T00:28:01Z,7785
500120,Clearwater vs Elmhurst Hockey,VOD,HOCKEY,Clearwater,Elmhurst,2025-11-25T18:53:26Z,8977
500281,Westlake vs Bayshore Track,VOD,Track,Westlake,Bayshore,2025-11-10T04:38:52Z,7287
500830,Eastside vs Clearwater Lacrosse,VOD,LACROSSE,Eastside,Clearwater,2025-11-04T20:51:38Z,8875
500346,Ridgeview vs Brookfield Wrestling,LIVE,WRESTLING,Ridgeview,Brookfield,2025-10-03T16:54:56Z,5563
500784,Stonewall vs Bayshore Soccer,LIVE,SOCCER,Stonewall,Bayshore,2025-11-02T12:58:14Z,8358
500124,Jefferson vs Lincoln Baseball,LIVE,BASEBALL,Jefferson,Lincoln,2026-01-30T10:30:27Z,5524
500748,Millbrook vs Elmhurst Soccer,LIVE,SOCCER,Millbrook,Elmhurst,2025-09-03T08:33:24Z,8374
500330,Lincoln vs Ashford Track,LIVE,TRACK,Lincoln,Ashford,2026-02-24T16:35:14Z,8680
500597,Greenwood vs Lakeview Soccer,LIVE,SOCCER,Greenwood,Lakeview,2026-02-14T22:59:59Z,7504
500680,Riverside vs Ridgeview Hockey,VOD,HOCKEY,Riverside,Ridgeview,2026-02-21T12:07:59Z,9152
500838,Eastside vs Westlake Soccer,LIVE,SOCCER,Eastside,Westlake,2026-02-09T04:05:27Z,8215
500133,Clearwater vs Ashford Softball,VOD,SOFTBALL,Clearwater,Ashford,2026-01-10T23:23:18Z,9428
500546,Eastside vs Summit Basketball,LIVE,BASKETBALL,Eastside,Summit,2026-02-04T20:34:56Z,0
500257,Hillcrest vs Central Track,LIVE,TRACK,Hillcrest,Central,2025-11-25T17:44:00Z,9512
500255,Oakwood vs Elmhurst Baseball,LIVE,BASEBALL,Oakwood,Elmhurst,2025-12-12T07:40:13Z,9209
500829,Hillcrest vs Riverside Football,LIVE,FOOTBALL,Hillcrest,Riverside,2025-12-20T17:32:01Z,5607
500543,Summit vs Hillcrest Soccer,VOD,SOCCER,Summit,Hillcrest,2026-01-13T19:37:37Z,8916
500236,Millbrook vs Lakeview Basketball,VOD,BASKETBALL,Millbrook,Lakeview,2025-12-26T06:31:17Z,9468
500643,Brookfield vs Greenwood Soccer,VOD,Soccer,Brookfield,Greenwood,2025-11-23T07:50:01Z,8805
500593,Stonewall vs Greenwood Volleyball,LIVE,VB,Stonewall,Greenwood,2025-11-10T01:45:59Z,9078
500275,Lincoln vs Oakwood Softball,VOD,SOFTBALL,Lincoln,Oakwood,2025-10-09T08:19:11Z,5928
500781,Greenwood vs Clearwater Football,LIVE,FOOTBALL,Greenwood,Clearwater,2026-01-29T15:48:40Z,5875
500367,Stonewall vs Kingsport Softball,VOD,SOFTBALL,Stonewall,Kingsport,2025-12-15T11:14:11Z,-1
500369,Ridgeview vs Fairfield Lacrosse,LIVE,LACROSSE,Ridgeview,Fairfield,2025-10-05T14:35:28Z,9183
500160,Lakeview vs Summit Football,VOD,FOOTBALL,Lakeview,Summit,2026-02-25T10:25:30Z,8092
500795,Pinecrest vs Greenwood Basketball,VOD,BBALL,Pinecrest,Greenwood,2025-11-01T04:00:29Z,8809
500331,Lakeview vs Dunmore Hockey,LIVE,HOCKEY,Lakeview,Dunmore,2025-09-03T20:48:33Z,7597
500754,Clearwater vs Dunmore Football,VOD,FOOTBALL,Clearwater,Dunmore,2025-11-20T15:55:02Z,7257
500532,Kingsport vs Oakwood Softball,VOD,SOFTBALL,Kingsport,Oakwood,2025-09-07T23:49:14Z,7241
500590,Central vs Westlake Basketball,VOD,BASKETBALL,Central,Westlake,2026-01-13T05:22:25Z,8140
500583,Hillcrest vs Millbrook Soccer,LIVE,SOCCER,Hillcrest,Millbrook,2025-11-08T21:28:57Z,6420
500151,Pinecrest vs Lakeview Track,VOD,TRACK,Pinecrest,Lakeview,2025-10-16T16:54:38Z,7713
500005,Eastside vs Summit Basketball,VOD,BASKETBALL,Eastside,Summit,2025-09-08T22:11:54Z,9228
500172,Summit vs Kingsport Volleyball,LIVE,VOLLEYBALL,Summit,Kingsport,2025-10-09T08:11:13Z,8582
500402,Ashford vs Clearwater Track,LIVE,TRACK,Ashford,Clearwater,2025-09-29T21:54:09Z,7769
500357,Riverside vs Elmhurst Volleyball,LIVE,VB,Riverside,Elmhurst,2026-01-08T20:38:54Z,7888
500484,Bayshore vs Stonewall Hockey,VOD,HOCKEY,Bayshore,Stonewall,2025-10-29T04:09:49Z,8112
500571,Ashford vs Greenwood Softball,VOD,SOFTBALL,Ashford,Greenwood,2025-09-11T09:20:41Z,7015
500764,Millbrook vs Greenwood Soccer,VOD,SOCCER,Millbrook,Greenwood,2025-12-05T03:56:09Z,9049
500766,Dunmore vs Oakwood Softball,VOD,SOFTBALL,Dunmore,Oakwood,2025-11-29T13:32:50Z,5580
500342,Lincoln vs Pinecrest Baseball,LIVE,BASEBALL,Lincoln,Pinecrest,2026-01-12T14:25:23Z,8491
500319,Kingsport vs Fairfield Baseball,VOD,BASEBALL,Kingsport,Fairfield,2025-09-02T23:28:22Z,6363
500298,Westlake vs Lincoln Track,VOD,TRACK,Westlake,Lincoln,2025-10-24T13:08:17Z,6781
500282,Brookfield vs Elmhurst Lacrosse,VOD,LACROSSE,Brookfield,Elmhurst,2025-12-20T05:41:09Z,8265
500404,Greenwood vs Northgate Volleyball,VOD,VOLLEYBALL,Greenwood,Northgate,2025-12-08T13:48:54Z,6684
500204,Stonewall vs Jefferson Volleyball,LIVE,VOLLEYBALL,Stonewall,Jefferson,2026-01-30T20:35:18Z,5482
500113,Greenwood vs Pinecrest Soccer,VOD,SOCCER,Greenwood,Pinecrest,2026-02-19T19:50:17Z,9469
500724,Stonewall vs Eastside Baseball,VOD,BASEBALL,Stonewall,Eastside,2025-10-03T06:09:07Z,5408
500354,Pinecrest vs Bayshore Baseball,VOD,BASEBALL,Pinecrest,Bayshore,2025-12-18T23:20:19Z,7363
500501,Riverside vs Fairfield Baseball,VOD,BASEBALL,Riverside,Fairfield,2025-09-26T22:25:21Z,8326
500488,Lakeview vs Northgate Track,VOD,TRACK,Lakeview,Northgate,2025-09-08T05:04:42Z,8780
500060,Summit vs Brookfield Wrestling,VOD,WRESTLING,Summit,Brookfield,2026-02-02T20:15:42Z,5528
500309,Greenwood vs Ridgeview Football,LIVE,FOOTBALL,Greenwood,Ridgeview,2026-01-08T23:18:17Z,7753
500038,Lakeview vs Fairfield Hockey,LIVE,Hockey,Lakeview,Fairfield,2025-10-29T00:43:07Z,8669
500396,Oakwood vs Bayshore Hockey,VOD,HOCKEY,Oakwood,Bayshore,2026-02-18T11:03:09Z,7973
500457,Elmhurst vs Clearwater Hockey,LIVE,Hockey,Elmhurst,Clearwater,2025-09-15T15:44:31Z,9087
500686,Pinecrest vs Westlake Softball,LIVE,SOFTBALL,Pinecrest,Westlake,2025-11-20T12:30:42Z,9417
500238,Lincoln vs Ashford Lacrosse,VOD,LACROSSE,Lincoln,Ashford,2025-10-17T04:44:01Z,7627
500088,Hillcrest vs Ashford Volleyball,VOD,VOLLEYBALL,Hillcrest,Ashford,2025-10-18T09:02:46Z,8778
500649,Northgate vs Lincoln Lacrosse,VOD,LACROSSE,Northgate,Lincoln,2026-01-17T19:45:29Z,9268
500332,Summit vs Brookfield Volleyball,VOD,VOLLEYBALL,Summit,Brookfield,2026-01-10T03:05:15Z,5697
500765,Lakeview vs Jefferson Volleyball,VOD,VOLLEYBALL,Lakeview,Jefferson,2025-11-24T22:22:13Z,7327
500311,Central vs Greenwood Hockey,VOD,HOCKEY,Central,Greenwood,2025-12-20T13:43:00Z,5727
500489,Greenwood vs Dunmore Lacrosse,VOD,LACROSSE,Greenwood,Dunmore,2026-02-06T18:14:36Z,6596
500759,Riverside vs Oakwood Softball,VOD,SOFTBALL,Riverside,Oakwood,2026-01-25T23:39:55Z,8985
500371,Eastside vs Millbrook Football,LIVE,football,Eastside,Millbrook,2025-12-26T11:09:43Z,6084
500605,Jefferson vs Dunmore Lacrosse,VOD,LACROSSE,Jefferson,Dunmore,2026-02-01T01:04:44Z,7667
500632,Oakwood vs Ridgeview Basketball,LIVE,BASKETBALL,Oakwood,Ridgeview,2026-02-14T11:38:15Z,8348
500399,Westlake vs Eastside Baseball,LIVE,BASEBALL,Westlake,Eastside,2025-12-27T22:38:39Z,7699
500731,Lincoln vs Summit Baseball,VOD,BASEBALL,Lincoln,Summit,2025-11-18T04:41:39Z,8306
500188,Eastside vs Ridgeview Softball,LIVE,SOFTBALL,Eastside,Ridgeview,2025-09-12T09:08:34Z,5556
500800,Northgate vs Stonewall Lacrosse,VOD,LACROSSE,Northgate,Stonewall,2025-10-25T00:01:35Z,7244
500587,Hillcrest vs Jefferson Hockey,VOD,HOCKEY,Hillcrest,Jefferson,2026-01-05T21:01:56Z,9391
500445,Kingsport vs Stonewall Hockey,LIVE,HOCKEY,Kingsport,Stonewall,2026-02-23T06:00:12Z,6244
500792,Lincoln vs Westlake Track,VOD,TRACK,Lincoln,Westlake,2025-12-03T10:49:09Z,8896
500256,Elmhurst vs Westlake Football,VOD,FOOTBALL,Elmhurst,Westlake,2025-12-17T10:28:34Z,5464
500541,Pinecrest vs Kingsport Softball,VOD,Softball,Pinecrest,Kingsport,2026-02-05T01:15:07Z,6350
500011,Northgate vs Greenwood Soccer,LIVE,SOCCER,Northgate,Greenwood,2025-09-16T15:14:20Z,6940
500448,Greenwood vs Elmhurst Wrestling,LIVE,WRESTLING,Greenwood,Elmhurst,2026-02-21T01:16:05Z,7464
500463,Greenwood vs Fairfield Wrestling,VOD,WRESTLING,Greenwood,Fairfield,2025-12-04T19:44:32Z,8554
500280,Brookfield vs Fairfield Soccer,LIVE,SOCCER,Brookfield,Fairfield,2026-01-24T23:54:11Z,8742
500761,Stonewall vs Ridgeview Hockey,VOD,HOCKEY,Stonewall,Ridgeview,2025-11-02T07:36:56Z,8746
500271,Riverside vs Elmhurst Lacrosse,VOD,LACROSSE,Riverside,Elmhurst,2026-01-03T00:49:35Z,7380
500450,Kingsport vs Jefferson Volleyball,VOD,VOLLEYBALL,Kingsport,Jefferson,2026-01-20T02:35:11Z,7957
500814,Eastside vs Fairfield Hockey,LIVE,HOCKEY,Eastside,Fairfield,2025-10-05T22:28:37Z,8237
500564,Fairfield vs Greenwood Softball,LIVE,SOFTBALL,Fairfield,Greenwood,2025-11-04T04:29:54Z,8756
500657,Bayshore vs Clearwater Softball,LIVE,SOFTBALL,Bayshore,Clearwater,2025-09-09T17:06:51Z,5746
500387,Pinecrest vs Clearwater Track,LIVE,TRACK,Pinecrest,Clearwater,2025-09-15T00:48:35Z,8383
500696,Northgate vs Clearwater Soccer,VOD,SOCCER,Northgate,Clearwater,2025-12-16T06:42:46Z,8723
500431,Bayshore vs Northgate Volleyball,VOD,Volleyball,Bayshore,Northgate,2025-12-07T07:23:45Z,5748
500016,Millbrook vs Brookfield Basketball,LIVE,BASKETBALL,Millbrook,Brookfield,2025-12-30T09:48:04Z,8022
500441,Greenwood vs Kingsport Hockey,VOD,HOCKEY,Greenwood,Kingsport,2025-09-18T03:43:46Z,6374
500832,Brookfield vs Fairfield Football,VOD,football,Brookfield,Fairfield,2025-12-09T14:20:52Z,8011
500714,Jefferson vs Central Baseball,VOD,BASEBALL,Jefferson,Central,2025-09-11T07:48:39Z,7958
500161,Summit vs Greenwood Wrestling,VOD,WRESTLING,Summit,Greenwood,2025-12-28T08:53:40Z,6094
500206,Northgate vs Lakeview Football,VOD,FOOTBALL,Northgate,Lakeview,2025-10-06T05:33:56Z,6026
500684,Kingsport vs Dunmore Soccer,LIVE,SOCCER,Kingsport,Dunmore,2025-11-28T05:09:51Z,8014
500345,Elmhurst vs Brookfield Lacrosse,VOD,LACROSSE,Elmhurst,Brookfield,2025-11-06T10:49:21Z,0
500410,Kingsport vs Bayshore Wrestling,VOD,WRESTLING,Kingsport,Bayshore,2026-02-26T19:36:01Z,5748
500389,Elmhurst vs Brookfield Softball,VOD,SOFTBALL,Elmhurst,Brookfield,2025-09-21T04:03:19Z,6355
500301,Millbrook vs Lakeview Baseball,LIVE,BASEBALL,Millbrook,Lakeview,2025-11-26T02:42:27Z,8991
500444,Greenwood vs Jefferson Track,VOD,TRACK,Greenwood,Jefferson,2025-10-30T12:00:22Z,7289
500762,Dunmore vs Ridgeview Lacrosse,LIVE,LACROSSE,Dunmore,Ridgeview,2025-09-24T06:26:57Z,7075
500707,Eastside vs Pinecrest Football,VOD,FOOTBALL,Eastside,Pinecrest,2025-10-05T17:35:13Z,8930
500248,Kingsport vs Dunmore Lacrosse,VOD,LACROSSE,Kingsport,Dunmore,2026-01-09T10:39:41Z,8710
500125,Summit vs Elmhurst Soccer,VOD,SOCCER,Summit,Elmhurst,2026-02-19T17:47:54Z,8703
500225,Fairfield vs Jefferson Volleyball,VOD,VOLLEYBALL,Fairfield,Jefferson,2025-12-12T14:45:10Z,9137
500304,Summit vs Stonewall Volleyball,VOD,VOLLEYBALL,Summit,Stonewall,2026-01-06T19:48:07Z,6488
500440,Bayshore vs Pinecrest Soccer,LIVE,SOCCER,Bayshore,Pinecrest,2025-12-28T14:50:28Z,6164
500175,Millbrook vs Pinecrest Softball,VOD,SOFTBALL,Millbrook,Pinecrest,2026-02-26T07:19:11Z,8655
500529,Hillcrest vs Summit Basketball,LIVE,BBALL,Hillcrest,Summit,2025-11-22T13:33:42Z,6843
500728,Hillcrest vs Riverside Basketball,LIVE,BASKETBALL,Hillcrest,Riverside,2026-02-06T09:51:36Z,8242
500356,Millbrook vs Hillcrest Football,LIVE,FOOTBALL,Millbrook,Hillcrest,2025-09-16T19:27:16Z,6765
500616,Fairfield vs Elmhurst Soccer,VOD,SOCCER,Fairfield,Elmhurst,2025-10-07T02:51:27Z,6619
500776,Lakeview vs Eastside Baseball,VOD,BASEBALL,Lakeview,Eastside,2025-09-01T19:05:55Z,8857
500602,Dunmore vs Ashford Football,LIVE,FOOTBALL,Dunmore,Ashford,2025-12-28T14:19:45Z,7697
500037,Dunmore vs Lincoln Soccer,VOD,SOCCER,Dunmore,Lincoln,2026-02-24T17:21:17Z,9033
500069,Eastside vs Jefferson Hockey,LIVE,Hockey,Eastside,Jefferson,2026-01-11T00:28:39Z,6591
500510,Elmhurst vs Northgate Track,VOD,TRACK,Elmhurst,Northgate,2026-02-17T08:20:45Z,8207
500430,Dunmore vs Brookfield Football,VOD,FOOTBALL,Dunmore,Brookfield,2025-10-20T01:20:56Z,5788
500059,Dunmore vs Millbrook Basketball,LIVE,BASKETBALL,Dunmore,Millbrook,2025-12-26T05:12:54Z,5817
500549,Lincoln vs Riverside Track,VOD,TRACK,Lincoln,Riverside,2026-01-03T11:25:07Z,9204
500325,Dunmore vs Brookfield Hockey,VOD,HOCKEY,Dunmore,Brookfield,2026-02-17T21:52:49Z,6986
500170,Westlake vs Ridgeview Football,LIVE,FOOTBALL,Westlake,Ridgeview,2025-11-10T18:36:39Z,0
500329,Stonewall vs Ridgeview Lacrosse,LIVE,LACROSSE,Stonewall,Ridgeview,2026-01-26T18:29:20Z,9094
500809,Lincoln vs Eastside Soccer,LIVE,SOCCER,Lincoln,Eastside,2026-01-28T22:40:03Z,7950
500566,Pinecrest vs Jefferson Lacrosse,VOD,LACROSSE,Pinecrest,Jefferson,2025-10-17T14:54:45Z,5831
500117,Eastside vs Kingsport Track,VOD,TRACK,Eastside,Kingsport,2025-09-06T08:54:59Z,0
500757,Fairfield vs Millbrook Hockey,LIVE,HOCKEY,Fairfield,Millbrook,2025-10-10T16:21:45Z,6598
500272,Kingsport vs Northgate Track,VOD,TRACK,Kingsport,Northgate,2025-09-25T16:04:58Z,8947
500594,Clearwater vs Hillcrest Wrestling,VOD,WRESTLING,Clearwater,Hillcrest,2026-02-07T06:48:50Z,6384
500823,Kingsport vs Brookfield Wrestling,VOD,WRESTLING,Kingsport,Brookfield,2025-09-17T03:15:11Z,5641
500573,Lincoln vs Jefferson Hockey,VOD,HOCKEY,Lincoln,Jefferson,2025-09-25T06:24:05Z,6542
500633,Ashford vs Eastside Volleyball,VOD,VOLLEYBALL,Ashford,Eastside,2026-01-21T03:04:34Z,5851
500192,Eastside vs Ashford Track,LIVE,TRACK,Eastside,Ashford,2025-09-09T06:45:32Z,6956
500026,Clearwater vs Millbrook Baseball,LIVE,BASEBALL,Clearwater,Millbrook,2025-12-20T07:55:41Z,5967
500567,Stonewall vs Pinecrest Volleyball,VOD,VOLLEYBALL,Stonewall,Pinecrest,2025-10-01T05:22:27Z,6438
500466,Bayshore vs Brookfield Football,LIVE,FOOTBALL,Bayshore,Brookfield,2026-02-18T13:15:06Z,5649
500640,Elmhurst vs Summit Basketball,LIVE,BASKETBALL,Elmhurst,Summit,2025-10-10T08:04:21Z,6215
500057,Bayshore vs Greenwood Volleyball,VOD,VOLLEYBALL,Bayshore,Greenwood,2026-02-08T02:32:19Z,7920
500503,Millbrook vs Elmhurst Softball,LIVE,SOFTBALL,Millbrook,Elmhurst,2025-11-16T08:04:58Z,8144
500807,Eastside vs Jefferson Track,VOD,TRACK,Eastside,Jefferson,2026-02-20T16:31:27Z,9568
500582,Brookfield vs Kingsport Lacrosse,LIVE,Lacrosse,Brookfield,Kingsport,2025-11-12T02:16:00Z,8027
500253,Stonewall vs Kingsport Wrestling,VOD,WRESTLING,Stonewall,Kingsport,2026-01-03T01:48:06Z,8099
500691,Westlake vs Hillcrest Soccer,LIVE,SOCCER,Westlake,Hillcrest,2025-09-26T01:35:19Z,7521
500044,Oakwood vs Riverside Wrestling,LIVE,WRESTLING,Oakwood,Riverside,2026-02-07T03:50:48Z,9151
500039,Clearwater vs Stonewall Soccer,LIVE,SOCCER,Clearwater,Stonewall,2025-12-28T19:58:41Z,5855
500475,Central vs Ashford Volleyball,VOD,VOLLEYBALL,Central,Ashford,2026-02-11T18:38:07Z,6861
500229,Elmhurst vs Jefferson Football,VOD,FOOTBALL,Elmhurst,Jefferson,2025-11-16T19:13:17Z,8928
500454,Westlake vs Lakeview Football,VOD,FOOTBALL,Westlake,Lakeview,2026-01-27T08:38:45Z,5414
500520,Riverside vs Lincoln Volleyball,VOD,VB,Riverside,Lincoln,2025-10-28T07:44:55Z,9191
500228,Westlake vs Stonewall Volleyball,LIVE,VOLLEYBALL,Westlake,Stonewall,2025-11-08T14:59:57Z,7071
500186,Westlake vs Ridgeview Hockey,VOD,HOCKEY,Westlake,Ridgeview,2025-09-09T23:46:53Z,9300
500563,Oakwood vs Central Softball,LIVE,SOFTBALL,Oakwood,Central,2025-11-22T08:29:12Z,6999
500427,Lakeview vs Elmhurst Hockey,VOD,HOCKEY,Lakeview,Elmhurst,2025-10-06T00:18:11Z,6380
500735,Ashford vs Central Football,VOD,FOOTBALL,Ashford,Central,2025-10-30T18:29:25Z,8016
500149,Brookfield vs Millbrook Soccer,VOD,SOCCER,Brookfield,Millbrook,2026-02-06T11:27:37Z,7595
500424,Hillcrest vs Stonewall Softball,LIVE,SOFTBALL,Hillcrest,Stonewall,2025-09-15T06:21:33Z,8197
500845,Greenwood vs Lincoln Basketball,VOD,BASKETBALL,Greenwood,Lincoln,2025-11-15T21:09:14Z,7381
500142,Northgate vs Greenwood Softball,VOD,Softball,Northgate,Greenwood,2026-01-31T19:09:43Z,9367
500476,Riverside vs Hillcrest Baseball,VOD,BASEBALL,Riverside,Hillcrest,2026-01-25T08:38:42Z,6171
500263,Ashford vs Central Wrestling,LIVE,Wrestling,Ashford,Central,2026-02-16T11:14:24Z,7011
500773,Lakeview vs Oakwood Baseball,VOD,BASEBALL,Lakeview,Oakwood,2025-11-07T06:41:49Z,8285
500760,Riverside vs Greenwood Track,VOD,TRACK,Riverside,Greenwood,2025-12-31T07:35:21Z,6304
500131,Summit vs Clearwater Wrestling,VOD,WRESTLING,Summit,Clearwater,2025-09-23T14:13:04Z,6252
500840,Stonewall vs Northgate Hockey,LIVE,HOCKEY,Stonewall,Northgate,2025-09-21T16:59:54Z,9211
500742,Westlake vs Dunmore Hockey,VOD,HOCKEY,Westlake,Dunmore,2026-01-04T15:18:29Z,-1
500382,Ashford vs Lakeview Basketball,VOD,BASKETBALL,Ashford,Lakeview,2025-12-15T05:51:27Z,6603
500515,Ridgeview vs Riverside Baseball,VOD,BASEBALL,Ridgeview,Riverside,2026-01-15T19:23:34Z,6243
500006,Brookfield vs Greenwood Softball,VOD,SOFTBALL,Brookfield,Greenwood,2025-11-19T01:29:26Z,6569
500183,Elmhurst vs Pinecrest Football,VOD,FOOTBALL,Elmhurst,Pinecrest,2025-09-12T16:47:32Z,6752
500628,Clearwater vs Stonewall Football,VOD,FOOTBALL,Clearwater,Stonewall,2025-12-09T03:07:06Z,8685
500333,Greenwood vs Lakeview Softball,LIVE,SOFTBALL,Greenwood,Lakeview,2025-09-23T21:37:03Z,9378
500302,Millbrook vs Westlake Track,VOD,TRACK,Millbrook,Westlake,2026-02-22T00:24:16Z,7637
500596,Greenwood vs Fairfield Track (Replay),VOD,TRACK,Greenwood,Fairfield,2025-10-16T16:09:33Z,8765
500295,Pinecrest vs Kingsport Hockey,VOD,HOCKEY,Pinecrest,Kingsport,2026-01-14T16:21:31Z,9369
500179,Brookfield vs Lincoln Basketball,VOD,BASKETBALL,Brookfield,Lincoln,2026-02-13T04:05:13Z,6139
500465,Brookfield vs Westlake Hockey,LIVE,HOCKEY,Brookfield,Westlake,2026-02-17T12:59:06Z,8607
500768,Eastside vs Millbrook Volleyball,VOD,VOLLEYBALL,Eastside,Millbrook,2025-10-22T08:46:02Z,7577
500022,Jefferson vs Summit Track,VOD,TRACK,Jefferson,Summit,2025-10-09T14:14:16Z,8712
500375,Ridgeview vs Stonewall Baseball,LIVE,BASEBALL,Ridgeview,Stonewall,2025-09-12T09:19:47Z,9171
500690,Ridgeview vs Kingsport Football,VOD,FOOTBALL,Ridgeview,Kingsport,2025-09-02T14:27:20Z,9438
500219,Fairfield vs Elmhurst Wrestling,VOD,WRESTLING,Fairfield,Elmhurst,2026-02-14T19:31:48Z,5436
500490,Riverside vs Brookfield Volleyball,VOD,VOLLEYBALL,Riverside,Brookfield,2025-11-25T07:57:18Z,5676
500568,Greenwood vs Summit Volleyball,LIVE,VOLLEYBALL,Greenwood,Summit,2025-10-09T02:31:08Z,8359
500486,Clearwater vs Lincoln Softball,VOD,SOFTBALL,Clearwater,Lincoln,2025-09-09T10:29:38Z,9215
500651,Elmhurst vs Millbrook Volleyball,LIVE,VOLLEYBALL,Elmhurst,Millbrook,2025-12-09T21:03:09Z,9314
500150,Fairfield vs Bayshore Football,VOD,FOOTBALL,Fairfield,Bayshore,2025-11-01T00:08:18Z,8889
500562,Lakeview vs Ashford Soccer,VOD,Soccer,Lakeview,Ashford,2026-01-10T16:43:07Z,5947
500070,Central vs Bayshore Soccer,VOD,SOCCER,Central,Bayshore,2025-10-24T00:05:05Z,8311
500443,Millbrook vs Lakeview Hockey,LIVE,HOCKEY,Millbrook,Lakeview,2025-11-22T02:49:07Z,6160
500027,Stonewall vs Fairfield Wrestling,VOD,WRESTLING,Stonewall,Fairfield,2025-10-09T15:17:53Z,9269
500499,Kingsport vs Bayshore Lacrosse,VOD,LACROSSE,Kingsport,Bayshore,2025-10-30T23:11:16Z,5692
500218,Oakwood vs Fairfield Basketball,LIVE,BASKETBALL,Oakwood,Fairfield,2026-01-10T01:49:46Z,6222
500483,Brookfield vs Fairfield Track,VOD,TRACK,Brookfield,Fairfield,2025-12-04T14:49:56Z,8802
500693,Westlake vs Greenwood Lacrosse,VOD,LACROSSE,Westlake,Greenwood,2025-12-16T09:04:23Z,6170
500351,Riverside vs Dunmore Baseball,VOD,BASEBALL,Riverside,Dunmore,2025-09-20T12:59:45Z,6285
500305,Fairfield vs Dunmore Hockey,LIVE,HOCKEY,Fairfield,Dunmore,2025-12-16T05:16:15Z,7521
500687,Central vs Fairfield Lacrosse,LIVE,LACROSSE,Central,Fairfield,2025-10-04T03:12:59Z,5553
500733,Summit vs Elmhurst Softball,VOD,SOFTBALL,Summit,Elmhurst,2025-12-11T06:11:40Z,7578
500250,Central vs Dunmore Soccer,VOD,SOCCER,Central,Dunmore,2025-11-05T16:53:50Z,9025
500347,Summit vs Kingsport Lacrosse,LIVE,LACROSSE,Summit,Kingsport,2026-01-01T18:32:20Z,6896
500671,Westlake vs Ridgeview Baseball,LIVE,BASEBALL,Westlake,Ridgeview,2025-12-02T12:28:45Z,6661
500252,Oakwood vs Pinecrest Track,LIVE,TRACK,Oakwood,Pinecrest,2026-01-02T12:09:59Z,6934
500122,Elmhurst vs Northgate Volleyball,LIVE,VOLLEYBALL,Elmhurst,Northgate,2025-11-06T21:58:17Z,6557
500453,Summit vs Pinecrest Baseball,VOD,BASEBALL,Summit,Pinecrest,2026-02-07T02:41:07Z,7241
500715,Dunmore vs Ridgeview Basketball,VOD,BASKETBALL,Dunmore,Ridgeview,2025-11-08T17:37:30Z,6950
500321,Central vs Oakwood Baseball,LIVE,BASEBALL,Central,Oakwood,2025-11-05T21:53:11Z,7243
500551,Ridgeview vs Central Track,LIVE,TRACK,Ridgeview,Central,2025-10-12T04:17:16Z,7309
500176,Westlake vs Jefferson Basketball,VOD,BASKETBALL,Westlake,Jefferson,2026-02-10T02:10:56Z,6910
500796,Jefferson vs Brookfield Lacrosse,LIVE,LACROSSE,Jefferson,Brookfield,2025-09-20T12:36:12Z,9438
500269,Greenwood vs Summit Baseball,VOD,BASEBALL,Greenwood,Summit,2026-02-26T15:45:49Z,8098
500320,Clearwater vs Jefferson Football,LIVE,FOOTBALL,Clearwater,Jefferson,2026-01-23T16:52:05Z,8447
500019,Westlake vs Ashford Hockey,VOD,HOCKEY,Westlake,Ashford,2026-01-06T20:45:16Z,7903
500788,Pinecrest vs Elmhurst Basketball,VOD,BASKETBALL,Pinecrest,Elmhurst,2025-11-11T15:40:37Z,5758
500586,Ridgeview vs Stonewall Lacrosse,VOD,LACROSSE,Ridgeview,Stonewall,2025-10-06T20:26:11Z,7376
500173,Oakwood vs Millbrook Softball,LIVE,SOFTBALL,Oakwood,Millbrook,2025-09-25T03:31:59Z,6255
500673,Riverside vs Central Volleyball,VOD,VOLLEYBALL,Riverside,Central,2026-01-05T12:44:02Z,7734
500198,Lincoln vs Central Baseball,VOD,BASEBALL,Lincoln,Central,2025-11-01T10:09:15Z,8844
500379,Bayshore vs Riverside Wrestling,VOD,WRESTLING,Bayshore,Riverside,2025-10-17T02:34:47Z,6946
500417,Ashford vs Brookfield Lacrosse,VOD,LACROSSE,Ashford,Brookfield,2025-09-24T08:37:20Z,5714
500637,Hillcrest vs Central Wrestling,VOD,WRESTLING,Hillcrest,Central,2025-12-06T14:42:38Z,5566
500077,Millbrook vs Stonewall Hockey,LIVE,HOCKEY,Millbrook,Stonewall,2025-11-03T11:49:24Z,7367
500553,Bayshore vs Eastside Wrestling,VOD,WRESTLING,Bayshore,Eastside,2025-10-29T00:08:29Z,0
500049,Stonewall vs Hillcrest Track,VOD,TRACK,Stonewall,Hillcrest,2026-01-18T23:10:27Z,8069
500066,Kingsport vs Millbrook Soccer,LIVE,SOCCER,Kingsport,Millbrook,2026-02-14T23:57:10Z,6065
500024,Northgate vs Jefferson Track,VOD,TRACK,Northgate,Jefferson,2025-09-11T03:42:04Z,8283
500836,Clearwater vs Ridgeview Volleyball (Replay),VOD,VOLLEYBALL,Clearwater,Ridgeview,2025-12-13T02:14:05Z,-600
500608,Fairfield vs Brookfield Basketball,LIVE,BASKETBALL,Fairfield,Brookfield,2026-01-19T00:41:14Z,6512
500303,Eastside vs Summit Volleyball,LIVE,VOLLEYBALL,Eastside,Summit,2025-11-01T10:43:48Z,6282
500679,Ridgeview vs Stonewall Baseball,LIVE,BASEBALL,Ridgeview,Stonewall,2025-11-20T03:11:01Z,6942
500432,Hillcrest vs Ridgeview Track,VOD,TRACK,Hillcrest,Ridgeview,2026-02-19T22:37:57Z,7960
500050,Elmhurst vs Brookfield Basketball,VOD,BASKETBALL,Elmhurst,Brookfield,2025-12-25T03:29:16Z,7702
500264,Ridgeview vs Eastside Soccer,LIVE,SOCCER,Ridgeview,Eastside,2026-01-28T21:20:00Z,8774
500654,Brookfield vs Oakwood Wrestling,VOD,WRESTLING,Brookfield,Oakwood,2025-10-21T19:39:38Z,9218
500207,Clearwater vs Summit Wrestling,VOD,WRESTLING,Clearwater,Summit,2025-11-20T20:44:33Z,6833
500777,Brookfield vs Central Soccer,VOD,SOCCER,Brookfield,Central,2026-02-04T17:55:25Z,9553
500121,Brookfield vs Ridgeview Volleyball,VOD,VOLLEYBALL,Brookfield,Ridgeview,2025-12-21T12:44:32Z,7520
500436,Jefferson vs Northgate Volleyball,VOD,VOLLEYBALL,Jefferson,Northgate,2025-10-24T05:05:47Z,7045
500812,Pinecrest vs Lakeview Softball,VOD,SOFTBALL,Pinecrest,Lakeview,2025-12-25T17:18:08Z,7325
500028,Kingsport vs Elmhurst Track,VOD,TRACK,Kingsport,Elmhurst,2026-01-24T07:23:37Z,5508
500825,Greenwood vs Ridgeview Lacrosse,VOD,LACROSSE,Greenwood,Ridgeview,2026-01-18T11:17:13Z,6649
500716,Lincoln vs Stonewall Volleyball,LIVE,VOLLEYBALL,Lincoln,Stonewall,2025-09-01T08:53:33Z,5417
500327,Riverside vs Kingsport Basketball,LIVE,BBALL,Riverside,Kingsport,2025-12-31T06:47:03Z,8545
500174,Oakwood vs Lincoln Softball,LIVE,SOFTBALL,Oakwood,Lincoln,2025-09-08T22:53:01Z,5592
500787,Hillcrest vs Lincoln Basketball,LIVE,BBALL,Hillcrest,Lincoln,2025-10-29T02:33:13Z,9573
500393,Riverside vs Central Lacrosse,VOD,LACROSSE,Riverside,Central,2025-10-10T05:20:26Z,0
500732,Greenwood vs Summit Wrestling,VOD,WRESTLING,Greenwood,Summit,2026-02-13T10:58:34Z,8976
500558,Summit vs Central Softball,LIVE,SOFTBALL,Summit,Central,2025-11-07T23:04:25Z,7719
500477,Clearwater vs Ashford Volleyball,VOD,VOLLEYBALL,Clearwater,Ashford,2025-12-16T04:35:25Z,8464
500090,Central vs Ashford Lacrosse,VOD,LACROSSE,Central,Ashford,2026-02-11T03:46:04Z,6678
500260,Ashford vs Lincoln Volleyball,VOD,VOLLEYBALL,Ashford,Lincoln,2025-09-10T20:19:27Z,9216
500073,Riverside vs Brookfield Baseball,VOD,BASEBALL,Riverside,Brookfield,2025-10-17T00:25:16Z,6816
500403,Eastside vs Pinecrest Baseball,LIVE,BASEBALL,Eastside,Pinecrest,2025-09-17T13:32:14Z,7170
500138,Elmhurst vs Hillcrest Football,VOD,FB,Elmhurst,Hillcrest,2025-10-18T06:47:47Z,8929
500199,Brookfield vs Riverside Basketball,LIVE,BASKETBALL,Brookfield,Riverside,2026-01-05T03:31:28Z,8001
500317,Bayshore vs Ashford Softball,LIVE,SOFTBALL,Bayshore,Ashford,2025-12-12T22:38:26Z,6757
500737,Summit vs Kingsport Soccer,LIVE,SOCCER,Summit,Kingsport,2026-02-13T04:07:53Z,7669
500778,Bayshore vs Millbrook Hockey,VOD,Hockey,Bayshore,Millbrook,2025-10-08T16:42:19Z,9569
500159,Hillcrest vs Clearwater Basketball,VOD,BASKETBALL,Hillcrest,Clearwater,2025-09-03T09:42:50Z,9497
500085,Pinecrest vs Clearwater Wrestling,VOD,WRESTLING,Pinecrest,Clearwater,2026-01-17T06:44:51Z,9111
500323,Ridgeview vs Lincoln Lacrosse,VOD,LACROSSE,Ridgeview,Lincoln,2026-02-26T11:25:20Z,6045
500002,Eastside vs Riverside Track,LIVE,TRACK,Eastside,Riverside,2026-02-15T07:15:06Z,7024
500230,Hillcrest vs Ridgeview Softball (Replay),VOD,SOFTBALL,Hillcrest,Ridgeview,2025-12-25T01:15:33Z,5931
500827,Eastside vs Dunmore Baseball,VOD,BASEBALL,Eastside,Dunmore,2025-09-16T15:33:17Z,5541
500291,Stonewall vs Clearwater Volleyball,VOD,Volleyball,Stonewall,Clearwater,2025-10-18T14:05:08Z,7632
500816,Fairfield vs Brookfield Track,LIVE,TRACK,Fairfield,Brookfield,2026-02-21T01:48:46Z,7221
500157,Lincoln vs Westlake Baseball,VOD,BASEBALL,Lincoln,Westlake,2025-11-01T19:24:57Z,9311
500062,Dunmore vs Elmhurst Hockey,VOD,HOCKEY,Dunmore,Elmhurst,2026-02-23T01:08:47Z,6307
500839,Hillcrest vs Central Volleyball,LIVE,VOLLEYBALL,Hillcrest,Central,2025-09-27T00:16:34Z,9172
500544,Summit vs Brookfield Wrestling,LIVE,WRESTLING,Summit,Brookfield,2026-02-05T08:45:20Z,9138
500114,Eastside vs Bayshore Lacrosse,LIVE,LACROSSE,Eastside,Bayshore,2025-09-18T22:34:30Z,6110
500185,Central vs Fairfield Basketball,VOD,BASKETBALL,Central,Fairfield,2025-09-22T02:21:49Z,8889
500502,Oakwood vs Dunmore Basketball,LIVE,BASKETBALL,Oakwood,Dunmore,2025-11-09T14:03:19Z,6653
500533,Ashford vs Jefferson Soccer,VOD,SOCCER,Ashford,Jefferson,2026-01-15T09:09:02Z,6525
500196,Bayshore vs Eastside Volleyball,LIVE,VOLLEYBALL,Bayshore,Eastside,2025-09-27T11:38:22Z,7404
500091,Kingsport vs Ashford Track,LIVE,TRACK,Kingsport,Ashford,2025-10-15T20:21:43Z,8107
500420,Summit vs Kingsport Wrestling,VOD,WRESTLING,Summit,Kingsport,2025-09-23T01:30:23Z,6808
500423,Riverside vs Ashford Soccer,VOD,SOCCER,Riverside,Ashford,2025-11-15T13:52:25Z,7730
500135,Westlake vs Oakwood Football,VOD,FOOTBALL,Westlake,Oakwood,2026-01-17T22:33:04Z,6319
500036,Fairfield vs Dunmore Football,LIVE,FOOTBALL,Fairfield,Dunmore,2025-11-16T17:25:12Z,5783
500244,Kingsport vs Central Football,LIVE,FOOTBALL,Kingsport,Central,2025-10-30T13:28:21Z,9110
500360,Elmhurst vs Kingsport Volleyball,VOD,VOLLEYBALL,Elmhurst,Kingsport,2026-01-24T03:10:56Z,7335
500471,Elmhurst vs Greenwood Track,VOD,TRACK,Elmhurst,Greenwood,2026-02-24T07:56:02Z,8985
500493,Jefferson vs Lincoln Track,LIVE,TRACK,Jefferson,Lincoln,2025-10-29T22:30:38Z,7427
500383,Dunmore vs Riverside Softball,VOD,SOFTBALL,Dunmore,Riverside,2025-10-03T02:09:51Z,5408
500429,Northgate vs Oakwood Soccer,LIVE,SOCCER,Northgate,Oakwood,2025-09-29T03:41:31Z,5901
500421,Elmhurst vs Summit Track,VOD,TRACK,Elmhurst,Summit,2025-12-12T08:15:52Z,8599
500001,Stonewall vs Pinecrest Wrestling,VOD,WRESTLING,Stonewall,Pinecrest,2025-10-12T20:57:06Z,9111
500155,Elmhurst vs Central Wrestling,VOD,WRESTLING,Elmhurst,Central,2025-10-24T21:43:54Z,6395
500674,Millbrook vs Greenwood Basketball,LIVE,BASKETBALL,Millbrook,Greenwood,2026-02-20T11:12:34Z,8279
500202,Westlake vs Summit Hockey,LIVE,HOCKEY,Westlake,Summit,2025-10-06T09:23:53Z,8837
500041,Bayshore vs Kingsport Softball,VOD,Softball,Bayshore,Kingsport,2025-12-29T21:44:03Z,7811
500111,Westlake vs Oakwood Lacrosse,VOD,LACROSSE,Westlake,Oakwood,2025-09-11T09:49:08Z,6557
500232,Eastside vs Dunmore Football,VOD,FOOTBALL,Eastside,Dunmore,2025-10-25T10:21:25Z,6560
500132,Oakwood vs Brookfield Lacrosse,VOD,LACROSSE,Oakwood,Brookfield,2025-11-18T09:20:19Z,7118
500328,Ridgeview vs Clearwater Basketball,LIVE,BASKETBALL,Ridgeview,Clearwater,2025-09-09T11:34:44Z,8783
500381,Jefferson vs Hillcrest Football,LIVE,FOOTBALL,Jefferson,Hillcrest,2025-11-18T13:42:29Z,7748
500144,Ridgeview vs Clearwater Track,VOD,Track,Ridgeview,Clearwater,2025-10-25T11:38:03Z,6736
500413,Riverside vs Hillcrest Track,LIVE,TRACK,Riverside,Hillcrest,2025-09-28T12:52:40Z,7098
500609,Jefferson vs Summit Softball,VOD,SOFTBALL,Jefferson,Summit,2025-09-12T21:12:49Z,9514
500678,Dunmore vs Lincoln Lacrosse,VOD,LACROSSE,Dunmore,Lincoln,2025-11-04T02:39:38Z,6979
500352,Jefferson vs Millbrook Volleyball,LIVE,VOLLEYBALL,Jefferson,Millbrook,2025-09-12T14:18:41Z,5652
500621,Lakeview vs Lincoln Basketball,LIVE,Basketball,Lakeview,Lincoln,2025-12-09T08:00:15Z,5643
500446,Stonewall vs Northgate Softball,VOD,SOFTBALL,Stonewall,Northgate,2025-09-19T13:40:24Z,6385
500287,Greenwood vs Brookfield Baseball (Replay),VOD,BASEBALL,Greenwood,Brookfield,2025-12-11T00:08:39Z,6776
500698,Kingsport vs Ashford Track,LIVE,TRACK,Kingsport,Ashford,2025-12-06T16:25:08Z,6867
500231,Greenwood vs Elmhurst Lacrosse,LIVE,LACROSSE,Greenwood,Elmhurst,2025-12-21T03:01:02Z,7976
500247,Northgate vs Riverside Hockey,VOD,HOCKEY,Northgate,Riverside,2026-01-05T06:50:12Z,6090
500612,Kingsport vs Pinecrest Track,LIVE,TRACK,Kingsport,Pinecrest,2025-11-06T04:10:16Z,7950
500635,Brookfield vs Ridgeview Basketball,LIVE,Basketball,Brookfield,Ridgeview,2025-12-13T00:42:04Z,8619
500797,Bayshore vs Eastside Lacrosse,LIVE,LACROSSE,Bayshore,Eastside,2025-11-28T14:12:18Z,7406
500316,Riverside vs Ridgeview Baseball,LIVE,BASEBALL,Riverside,Ridgeview,2026-02-13T23:42:12Z,7858
500286,Eastside vs Hillcrest Lacrosse,VOD,LACROSSE,Eastside,Hillcrest,2025-09-19T12:30:24Z,5800
500095,Clearwater vs Elmhurst Soccer,LIVE,SOCCER,Clearwater,Elmhurst,2026-02-20T03:54:58Z,0
500467,Lincoln vs Greenwood Track,LIVE,TRACK,Lincoln,Greenwood,2025-10-03T13:30:36Z,7089
500494,Kingsport vs Hillcrest Hockey,LIVE,HOCKEY,Kingsport,Hillcrest,2025-11-06T00:56:50Z,6037
500727,Central vs Lakeview Basketball,LIVE,BASKETBALL,Central,Lakeview,2025-10-19T05:36:44Z,6920
500849,Dunmore vs Lincoln Soccer,VOD,SOCCER,Dunmore,Lincoln,2025-09-13T12:39:56Z,8973
500802,Fairfield vs Lincoln Basketball,LIVE,BASKETBALL,Fairfield,Lincoln,2025-12-23T12:25:53Z,5507
500337,Greenwood vs Millbrook Football,LIVE,FOOTBALL,Greenwood,Millbrook,2025-09-26T06:44:42Z,8078
500512,Brookfield vs Stonewall Basketball,VOD,BASKETBALL,Brookfield,Stonewall,2026-01-13T05:27:56Z,6772
500806,Bayshore vs Millbrook Football,LIVE,FOOTBALL,Bayshore,Millbrook,2025-10-25T01:25:41Z,8803
500191,Ridgeview vs Ashford Football,LIVE,FOOTBALL,Ridgeview,Ashford,2025-09-12T12:20:48Z,7062
500646,Clearwater vs Central Football,VOD,FOOTBALL,Clearwater,Central,2026-02-21T06:47:11Z,5789
500349,Clearwater vs Central Volleyball,VOD,VOLLEYBALL,Clearwater,Central,2025-10-16T15:10:42Z,6269
500610,Lakeview vs Pinecrest Lacrosse,LIVE,Lacrosse,Lakeview,Pinecrest,2025-09-18T21:34:11Z,5692
500246,Clearwater vs Lincoln Baseball,VOD,BASEBALL,Clearwater,Lincoln,2026-01-15T10:33:44Z,6664
500726,Summit vs Northgate Wrestling,LIVE,WRESTLING,Summit,Northgate,2026-02-27T03:18:17Z,8282
500785,Lakeview vs Dunmore Lacrosse,LIVE,LACROSSE,Lakeview,Dunmore,2025-09-28T23:37:20Z,9585
500128,Ridgeview vs Bayshore Wrestling,LIVE,WRESTLING,Ridgeview,Bayshore,2026-01-17T12:46:02Z,8487
500461,Riverside vs Lincoln Soccer,VOD,SOCCER,Riverside,Lincoln,2025-09-27T11:54:41Z,0
500288,Millbrook vs Jefferson Lacrosse,VOD,LACROSSE,Millbrook,Jefferson,2025-10-27T08:19:02Z,5735
500362,Dunmore vs Hillcrest Wrestling,VOD,WRESTLING,Dunmore,Hillcrest,2025-11-01T00:54:24Z,-600
500306,Lincoln vs Dunmore Volleyball,VOD,VOLLEYBALL,Lincoln,Dunmore,2025-09-05T23:18:35Z,6103
500521,Clearwater vs Fairfield Hockey,LIVE,HOCKEY,Clearwater,Fairfield,2025-10-09T10:00:12Z,9082
500496,Westlake vs Lincoln Track,VOD,TRACK,Westlake,Lincoln,2026-01-11T14:58:27Z,8716
500749,Brookfield vs Millbrook Soccer,VOD,SOCCER,Brookfield,Millbrook,2025-10-24T20:26:23Z,9121
500506,Lincoln vs Greenwood Lacrosse,VOD,LACROSSE,Lincoln,Greenwood,2025-09-15T20:44:12Z,6590
500598,Northgate vs Bayshore Lacrosse,VOD,LACROSSE,Northgate,Bayshore,2025-12-29T06:48:40Z,8807
500075,Eastside vs Brookfield Track,VOD,TRACK,Eastside,Brookfield,2025-11-22T19:12:58Z,8416
500426,Millbrook vs Riverside Basketball,LIVE,BASKETBALL,Millbrook,Riverside,2025-09-04T14:45:05Z,7208
500449,Jefferson vs Lakeview Basketball,VOD,BASKETBALL,Jefferson,Lakeview,2025-11-25T16:42:06Z,5990
500682,Riverside vs Clearwater Softball,VOD,SOFTBALL,Riverside,Clearwater,2025-10-19T19:13:34Z,7030
500180,Hillcrest vs Greenwood Basketball,LIVE,BASKETBALL,Hillcrest,Greenwood,2025-10-17T20:29:15Z,7711
500350,Greenwood vs Oakwood Wrestling,VOD,WRESTLING,Greenwood,Oakwood,2025-10-06T13:54:55Z,-600
500555,Brookfield vs Millbrook Softball,VOD,SOFTBALL,Brookfield,Millbrook,2025-10-07T06:48:56Z,6756
500414,Northgate vs Kingsport Baseball,VOD,BASEBALL,Northgate,Kingsport,2025-11-08T08:48:57Z,7620
500296,Northgate vs Lakeview Baseball,LIVE,BASEBALL,Northgate,Lakeview,2025-12-09T14:18:37Z,0
500242,Greenwood vs Brookfield Volleyball,LIVE,VOLLEYBALL,Greenwood,Brookfield,2025-10-26T17:00:54Z,7024
500390,Ridgeview vs Pinecrest Softball,VOD,SOFTBALL,Ridgeview,Pinecrest,2025-10-19T02:47:30Z,6012
500193,Clearwater vs Elmhurst Volleyball,LIVE,VOLLEYBALL,Clearwater,Elmhurst,2025-10-11T02:33:41Z,6787
500711,Fairfield vs Stonewall Track,LIVE,TRACK,Fairfield,Stonewall,2026-01-03T02:32:26Z,9234
500818,Dunmore vs Pinecrest Track,LIVE,TRACK,Dunmore,Pinecrest,2026-02-03T01:12:12Z,8274
500101,Westlake vs Jefferson Football,LIVE,FOOTBALL,Westlake,Jefferson,2025-12-14T00:50:55Z,7856
500505,Elmhurst vs Greenwood Hockey,VOD,HOCKEY,Elmhurst,Greenwood,2025-10-24T19:37:13Z,6299
500652,Northgate vs Oakwood Baseball,LIVE,BASEBALL,Northgate,Oakwood,2025-10-19T11:17:14Z,9365
500299,Ridgeview vs Dunmore Volleyball,LIVE,VOLLEYBALL,Ridgeview,Dunmore,2026-01-29T23:08:13Z,5752
500141,Stonewall vs Fairfield Basketball,VOD,BASKETBALL,Stonewall,Fairfield,2026-01-28T21:52:27Z,8329
500398,Ridgeview vs Jefferson Lacrosse,LIVE,LACROSSE,Ridgeview,Jefferson,2025-10-23T21:33:59Z,5542
500358,Lakeview vs Riverside Baseball,VOD,BASEBALL,Lakeview,Riverside,2026-01-12T21:37:17Z,6217
500214,Northgate vs Jefferson Soccer,VOD,SOCCER,Northgate,Jefferson,2026-02-11T09:26:32Z,5912
500314,Kingsport vs Bayshore Soccer,LIVE,SOCCER,Kingsport,Bayshore,2026-01-13T17:05:45Z,5692
500033,Westlake vs Lincoln Softball,VOD,SOFTBALL,Westlake,Lincoln,2025-10-06T14:42:05Z,7329
500082,Bayshore vs Jefferson Football,VOD,FOOTBALL,Bayshore,Jefferson,2025-10-10T19:08:42Z,6389
500513,Lincoln vs Stonewall Basketball,LIVE,BASKETBALL,Lincoln,Stonewall,2025-12-21T05:13:03Z,7491
500480,Lincoln vs Eastside Hockey,LIVE,HOCKEY,Lincoln,Eastside,2025-12-15T17:45:40Z,7832
500208,Millbrook vs Bayshore Soccer,LIVE,SOCCER,Millbrook,Bayshore,2026-01-31T18:55:01Z,6191
500008,Dunmore vs Summit Baseball,VOD,BASEBALL,Dunmore,Summit,2025-09-11T07:44:21Z,9510
500645,Brookfield vs Summit Basketball,LIVE,BASKETBALL,Brookfield,Summit,2025-09-06T02:30:18Z,9077
500234,Northgate vs Oakwood Basketball,VOD,Basketball,Northgate,Oakwood,2026-01-02T13:32:20Z,8145
500103,Eastside vs Central Football,VOD,FOOTBALL,Eastside,Central,2025-11-27T19:20:14Z,8284
500233,Millbrook vs Oakwood Hockey,VOD,HOCKEY,Millbrook,Oakwood,2025-11-08T14:20:48Z,6661
500712,Greenwood vs Ridgeview Softball,LIVE,Softball,Greenwood,Ridgeview,2025-09-18T20:16:01Z,6136
500722,Hillcrest vs Bayshore Basketball,LIVE,BASKETBALL,Hillcrest,Bayshore,2025-12-27T06:34:08Z,6804
500470,Elmhurst vs Dunmore Track,VOD,TRACK,Elmhurst,Dunmore,2025-11-19T04:01:06Z,9045
500262,Clearwater vs Jefferson Football,VOD,FOOTBALL,Clearwater,Jefferson,2026-01-14T15:39:49Z,7274
500769,Hillcrest vs Dunmore Football,LIVE,FOOTBALL,Hillcrest,Dunmore,2025-09-09T17:39:07Z,8570
500110,Eastside vs Jefferson Track,VOD,TRACK,Eastside,Jefferson,2025-09-27T20:48:49Z,9035
500318,Fairfield vs Oakwood Baseball,LIVE,BASEBALL,Fairfield,Oakwood,2025-12-06T12:10:55Z,7385
